week_start,week_end,year,week_number,region_code,region_name,total_requests,total_contacts,avg_contacts_per_customer,total_bookings,total_cancellations,total_aborts,total_completions,completion_rate_pct,is_forecast
2024-12-30,2025-01-05,2025,1,MID,Midlands,375,1116,2.98,354,55,41,244,65.1,0
2024-12-30,2025-01-05,2025,1,NE,North East,240,741,3.09,224,34,25,160,66.7,0
2024-12-30,2025-01-05,2025,1,NW,North West,323,932,2.89,309,46,21,228,70.6,0
2024-12-30,2025-01-05,2025,1,SCO,Scotland,235,696,2.96,224,28,28,161,68.5,0
2024-12-30,2025-01-05,2025,1,SE,South East,475,1448,3.05,455,72,42,326,68.6,0
2024-12-30,2025-01-05,2025,1,SW,South West,203,587,2.89,190,26,10,144,70.9,0
2024-12-30,2025-01-05,2025,1,WAL,Wales,174,499,2.87,168,30,18,115,66.1,0
2024-12-30,2025-01-05,2025,1,YRK,Yorkshire,305,904,2.96,284,39,25,206,67.5,0
2025-01-06,2025-01-12,2025,2,MID,Midlands,661,2009,3.04,621,90,55,447,67.6,0
2025-01-06,2025-01-12,2025,2,NE,North East,379,1116,2.94,355,52,39,253,66.8,0
2025-01-06,2025-01-12,2025,2,NW,North West,511,1519,2.97,485,71,38,354,69.3,0
2025-01-06,2025-01-12,2025,2,SCO,Scotland,350,1035,2.96,328,53,32,234,66.9,0
2025-01-06,2025-01-12,2025,2,SE,South East,695,2047,2.95,651,107,67,449,64.6,0
2025-01-06,2025-01-12,2025,2,SW,South West,328,956,2.91,310,42,25,229,69.8,0
2025-01-06,2025-01-12,2025,2,WAL,Wales,263,826,3.14,252,48,19,174,66.2,0
2025-01-06,2025-01-12,2025,2,YRK,Yorkshire,458,1408,3.07,430,62,29,319,69.7,0
2025-01-13,2025-01-19,2025,3,MID,Midlands,575,1766,3.07,531,80,44,379,65.9,0
2025-01-13,2025-01-19,2025,3,NE,North East,367,1084,2.95,336,47,29,242,65.9,0
2025-01-13,2025-01-19,2025,3,NW,North West,499,1556,3.12,469,59,35,357,71.5,0
2025-01-13,2025-01-19,2025,3,SCO,Scotland,355,1017,2.86,333,57,29,231,65.1,0
2025-01-13,2025-01-19,2025,3,SE,South East,648,1964,3.03,607,92,53,432,66.7,0
2025-01-13,2025-01-19,2025,3,SW,South West,321,1017,3.17,294,32,27,220,68.5,0
2025-01-13,2025-01-19,2025,3,WAL,Wales,243,731,3.01,234,35,32,157,64.6,0
2025-01-13,2025-01-19,2025,3,YRK,Yorkshire,423,1237,2.92,396,57,43,280,66.2,0
2025-01-20,2025-01-26,2025,4,MID,Midlands,604,1770,2.93,572,82,47,425,70.4,0
2025-01-20,2025-01-26,2025,4,NE,North East,370,1090,2.95,350,51,32,255,68.9,0
2025-01-20,2025-01-26,2025,4,NW,North West,502,1461,2.91,474,61,38,354,70.5,0
2025-01-20,2025-01-26,2025,4,SCO,Scotland,339,992,2.93,316,54,30,222,65.5,0
2025-01-20,2025-01-26,2025,4,SE,South East,697,2122,3.04,658,104,45,480,68.9,0
2025-01-20,2025-01-26,2025,4,SW,South West,305,906,2.97,287,44,16,216,70.8,0
2025-01-20,2025-01-26,2025,4,WAL,Wales,260,781,3.0,247,38,19,178,68.5,0
2025-01-20,2025-01-26,2025,4,YRK,Yorkshire,452,1305,2.89,429,58,35,317,70.1,0
2025-01-27,2025-02-02,2025,5,MID,Midlands,583,1706,2.93,543,73,52,395,67.8,0
2025-01-27,2025-02-02,2025,5,NE,North East,359,1083,3.02,340,47,31,250,69.6,0
2025-01-27,2025-02-02,2025,5,NW,North West,469,1419,3.03,444,54,51,321,68.4,0
2025-01-27,2025-02-02,2025,5,SCO,Scotland,305,920,3.02,288,49,30,200,65.6,0
2025-01-27,2025-02-02,2025,5,SE,South East,643,1960,3.05,606,84,54,448,69.7,0
2025-01-27,2025-02-02,2025,5,SW,South West,303,899,2.97,288,42,22,213,70.3,0
2025-01-27,2025-02-02,2025,5,WAL,Wales,238,720,3.03,230,46,18,155,65.1,0
2025-01-27,2025-02-02,2025,5,YRK,Yorkshire,408,1218,2.99,384,51,29,286,70.1,0
2025-02-03,2025-02-09,2025,6,MID,Midlands,516,1540,2.98,479,80,40,335,64.9,0
2025-02-03,2025-02-09,2025,6,NE,North East,326,952,2.92,313,46,32,221,67.8,0
2025-02-03,2025-02-09,2025,6,NW,North West,466,1378,2.96,436,70,37,314,67.4,0
2025-02-03,2025-02-09,2025,6,SCO,Scotland,309,988,3.2,284,35,18,219,70.9,0
2025-02-03,2025-02-09,2025,6,SE,South East,643,1872,2.91,604,91,51,433,67.3,0
2025-02-03,2025-02-09,2025,6,SW,South West,292,907,3.11,276,40,20,205,70.2,0
2025-02-03,2025-02-09,2025,6,WAL,Wales,236,740,3.14,224,34,18,161,68.2,0
2025-02-03,2025-02-09,2025,6,YRK,Yorkshire,428,1287,3.01,405,52,35,303,70.8,0
2025-02-10,2025-02-16,2025,7,MID,Midlands,578,1719,2.97,538,76,40,399,69.0,0
2025-02-10,2025-02-16,2025,7,NE,North East,334,1007,3.01,313,54,24,220,65.9,0
2025-02-10,2025-02-16,2025,7,NW,North West,451,1350,2.99,421,61,30,309,68.5,0
2025-02-10,2025-02-16,2025,7,SCO,Scotland,284,825,2.9,269,47,23,189,66.5,0
2025-02-10,2025-02-16,2025,7,SE,South East,647,2001,3.09,613,89,45,450,69.6,0
2025-02-10,2025-02-16,2025,7,SW,South West,291,838,2.88,275,52,16,200,68.7,0
2025-02-10,2025-02-16,2025,7,WAL,Wales,237,725,3.06,224,25,11,177,74.7,0
2025-02-10,2025-02-16,2025,7,YRK,Yorkshire,404,1238,3.06,377,50,28,285,70.5,0
2025-02-17,2025-02-23,2025,8,MID,Midlands,533,1589,2.98,508,77,47,366,68.7,0
2025-02-17,2025-02-23,2025,8,NE,North East,342,1030,3.01,324,46,22,242,70.8,0
2025-02-17,2025-02-23,2025,8,NW,North West,445,1324,2.98,419,66,41,297,66.7,0
2025-02-17,2025-02-23,2025,8,SCO,Scotland,307,901,2.93,287,45,26,205,66.8,0
2025-02-17,2025-02-23,2025,8,SE,South East,611,1853,3.03,571,74,45,427,69.9,0
2025-02-17,2025-02-23,2025,8,SW,South West,288,843,2.93,268,43,20,193,67.0,0
2025-02-17,2025-02-23,2025,8,WAL,Wales,234,707,3.02,219,43,19,146,62.4,0
2025-02-17,2025-02-23,2025,8,YRK,Yorkshire,415,1248,3.01,394,58,34,285,68.7,0
2025-02-24,2025-03-02,2025,9,MID,Midlands,561,1591,2.84,528,73,48,382,68.1,0
2025-02-24,2025-03-02,2025,9,NE,North East,316,946,2.99,296,43,25,215,68.0,0
2025-02-24,2025-03-02,2025,9,NW,North West,419,1301,3.11,393,57,36,287,68.5,0
2025-02-24,2025-03-02,2025,9,SCO,Scotland,304,906,2.98,288,40,25,210,69.1,0
2025-02-24,2025-03-02,2025,9,SE,South East,562,1710,3.04,530,64,46,395,70.3,0
2025-02-24,2025-03-02,2025,9,SW,South West,251,739,2.94,233,32,24,168,66.9,0
2025-02-24,2025-03-02,2025,9,WAL,Wales,224,685,3.06,209,31,14,156,69.6,0
2025-02-24,2025-03-02,2025,9,YRK,Yorkshire,382,1118,2.93,362,45,42,259,67.8,0
2025-03-03,2025-03-09,2025,10,MID,Midlands,498,1542,3.1,468,66,46,337,67.7,0
2025-03-03,2025-03-09,2025,10,NE,North East,312,927,2.97,295,45,20,218,69.9,0
2025-03-03,2025-03-09,2025,10,NW,North West,449,1325,2.95,427,67,40,305,67.9,0
2025-03-03,2025-03-09,2025,10,SCO,Scotland,289,884,3.06,270,44,18,194,67.1,0
2025-03-03,2025-03-09,2025,10,SE,South East,601,1801,3.0,569,93,43,411,68.4,0
2025-03-03,2025-03-09,2025,10,SW,South West,279,875,3.14,262,57,20,175,62.7,0
2025-03-03,2025-03-09,2025,10,WAL,Wales,209,626,3.0,193,34,18,132,63.2,0
2025-03-03,2025-03-09,2025,10,YRK,Yorkshire,377,1115,2.96,350,47,31,256,67.9,0
2025-03-10,2025-03-16,2025,11,MID,Midlands,469,1411,3.01,438,55,32,329,70.1,0
2025-03-10,2025-03-16,2025,11,NE,North East,306,919,3.0,283,54,22,193,63.1,0
2025-03-10,2025-03-16,2025,11,NW,North West,402,1234,3.07,381,55,27,278,69.2,0
2025-03-10,2025-03-16,2025,11,SCO,Scotland,275,836,3.04,262,42,29,182,66.2,0
2025-03-10,2025-03-16,2025,11,SE,South East,565,1675,2.96,533,78,52,386,68.3,0
2025-03-10,2025-03-16,2025,11,SW,South West,250,745,2.98,238,36,20,170,68.0,0
2025-03-10,2025-03-16,2025,11,WAL,Wales,212,636,3.0,201,27,22,148,69.8,0
2025-03-10,2025-03-16,2025,11,YRK,Yorkshire,374,1113,2.98,354,46,26,270,72.2,0
2025-03-17,2025-03-23,2025,12,MID,Midlands,532,1557,2.93,501,88,31,359,67.5,0
2025-03-17,2025-03-23,2025,12,NE,North East,316,973,3.08,294,39,31,214,67.7,0
2025-03-17,2025-03-23,2025,12,NW,North West,403,1209,3.0,375,57,26,272,67.5,0
2025-03-17,2025-03-23,2025,12,SCO,Scotland,271,846,3.12,257,33,20,193,71.2,0
2025-03-17,2025-03-23,2025,12,SE,South East,595,1774,2.98,564,74,64,406,68.2,0
2025-03-17,2025-03-23,2025,12,SW,South West,266,813,3.06,253,39,15,187,70.3,0
2025-03-17,2025-03-23,2025,12,WAL,Wales,217,635,2.93,199,32,18,138,63.6,0
2025-03-17,2025-03-23,2025,12,YRK,Yorkshire,389,1178,3.03,364,53,34,262,67.4,0
2025-03-24,2025-03-30,2025,13,MID,Midlands,462,1401,3.03,437,53,37,331,71.6,0
2025-03-24,2025-03-30,2025,13,NE,North East,293,882,3.01,275,46,26,189,64.5,0
2025-03-24,2025-03-30,2025,13,NW,North West,411,1222,2.97,383,56,23,287,69.8,0
2025-03-24,2025-03-30,2025,13,SCO,Scotland,275,822,2.99,255,32,20,190,69.1,0
2025-03-24,2025-03-30,2025,13,SE,South East,562,1671,2.97,530,73,47,386,68.7,0
2025-03-24,2025-03-30,2025,13,SW,South West,269,810,3.01,248,39,30,167,62.1,0
2025-03-24,2025-03-30,2025,13,WAL,Wales,204,638,3.13,191,34,15,133,65.2,0
2025-03-24,2025-03-30,2025,13,YRK,Yorkshire,384,1162,3.03,357,49,32,261,68.0,0
2025-03-31,2025-04-06,2025,14,MID,Midlands,507,1531,3.02,482,77,34,354,69.8,0
2025-03-31,2025-04-06,2025,14,NE,North East,302,922,3.05,285,44,26,203,67.2,0
2025-03-31,2025-04-06,2025,14,NW,North West,401,1191,2.97,381,54,27,283,70.6,0
2025-03-31,2025-04-06,2025,14,SCO,Scotland,278,872,3.14,263,39,35,176,63.3,0
2025-03-31,2025-04-06,2025,14,SE,South East,591,1769,2.99,552,72,56,396,67.0,0
2025-03-31,2025-04-06,2025,14,SW,South West,263,803,3.05,242,33,18,181,68.8,0
2025-03-31,2025-04-06,2025,14,WAL,Wales,207,593,2.86,186,26,22,128,61.8,0
2025-03-31,2025-04-06,2025,14,YRK,Yorkshire,360,1094,3.04,337,40,39,244,67.8,0
2025-04-07,2025-04-13,2025,15,MID,Midlands,496,1455,2.93,468,66,31,348,70.2,0
2025-04-07,2025-04-13,2025,15,NE,North East,281,850,3.02,263,39,16,200,71.2,0
2025-04-07,2025-04-13,2025,15,NW,North West,414,1226,2.96,387,48,36,284,68.6,0
2025-04-07,2025-04-13,2025,15,SCO,Scotland,282,845,3.0,267,41,23,195,69.1,0
2025-04-07,2025-04-13,2025,15,SE,South East,570,1777,3.12,534,82,31,395,69.3,0
2025-04-07,2025-04-13,2025,15,SW,South West,271,803,2.96,256,41,24,183,67.5,0
2025-04-07,2025-04-13,2025,15,WAL,Wales,210,654,3.11,201,40,19,134,63.8,0
2025-04-07,2025-04-13,2025,15,YRK,Yorkshire,382,1129,2.96,354,52,32,251,65.7,0
2025-04-14,2025-04-20,2025,16,MID,Midlands,499,1509,3.02,467,77,35,335,67.1,0
2025-04-14,2025-04-20,2025,16,NE,North East,301,921,3.06,284,33,23,213,70.8,0
2025-04-14,2025-04-20,2025,16,NW,North West,407,1221,3.0,379,64,30,271,66.6,0
2025-04-14,2025-04-20,2025,16,SCO,Scotland,287,841,2.93,268,40,17,197,68.6,0
2025-04-14,2025-04-20,2025,16,SE,South East,549,1619,2.95,516,82,46,365,66.5,0
2025-04-14,2025-04-20,2025,16,SW,South West,243,715,2.94,224,35,30,145,59.7,0
2025-04-14,2025-04-20,2025,16,WAL,Wales,205,613,2.99,193,30,15,143,69.8,0
2025-04-14,2025-04-20,2025,16,YRK,Yorkshire,373,1078,2.89,351,62,32,242,64.9,0
2025-04-21,2025-04-27,2025,17,MID,Midlands,505,1551,3.07,474,64,35,358,70.9,0
2025-04-21,2025-04-27,2025,17,NE,North East,306,881,2.88,289,38,21,216,70.6,0
2025-04-21,2025-04-27,2025,17,NW,North West,405,1264,3.12,380,41,29,295,72.8,0
2025-04-21,2025-04-27,2025,17,SCO,Scotland,280,835,2.98,262,44,29,177,63.2,0
2025-04-21,2025-04-27,2025,17,SE,South East,592,1819,3.07,558,79,45,412,69.6,0
2025-04-21,2025-04-27,2025,17,SW,South West,266,789,2.97,249,29,20,186,69.9,0
2025-04-21,2025-04-27,2025,17,WAL,Wales,218,672,3.08,209,29,26,148,67.9,0
2025-04-21,2025-04-27,2025,17,YRK,Yorkshire,362,1084,2.99,345,44,24,264,72.9,0
2025-04-28,2025-05-04,2025,18,MID,Midlands,522,1623,3.11,490,65,40,369,70.7,0
2025-04-28,2025-05-04,2025,18,NE,North East,293,908,3.1,284,46,30,199,67.9,0
2025-04-28,2025-05-04,2025,18,NW,North West,419,1205,2.88,399,60,34,291,69.5,0
2025-04-28,2025-05-04,2025,18,SCO,Scotland,287,825,2.87,269,39,21,201,70.0,0
2025-04-28,2025-05-04,2025,18,SE,South East,554,1649,2.98,528,82,44,381,68.8,0
2025-04-28,2025-05-04,2025,18,SW,South West,265,802,3.03,251,44,17,180,67.9,0
2025-04-28,2025-05-04,2025,18,WAL,Wales,217,600,2.76,204,39,22,132,60.8,0
2025-04-28,2025-05-04,2025,18,YRK,Yorkshire,376,1118,2.97,349,46,34,252,67.0,0
2025-05-05,2025-05-11,2025,19,MID,Midlands,495,1469,2.97,467,76,46,331,66.9,0
2025-05-05,2025-05-11,2025,19,NE,North East,296,878,2.97,284,39,21,210,70.9,0
2025-05-05,2025-05-11,2025,19,NW,North West,417,1299,3.12,397,54,33,296,71.0,0
2025-05-05,2025-05-11,2025,19,SCO,Scotland,287,839,2.92,271,38,19,203,70.7,0
2025-05-05,2025-05-11,2025,19,SE,South East,580,1739,3.0,548,78,51,399,68.8,0
2025-05-05,2025-05-11,2025,19,SW,South West,273,821,3.01,260,48,33,167,61.2,0
2025-05-05,2025-05-11,2025,19,WAL,Wales,209,645,3.09,197,20,16,156,74.6,0
2025-05-05,2025-05-11,2025,19,YRK,Yorkshire,388,1160,2.99,356,38,28,270,69.6,0
2025-05-12,2025-05-18,2025,20,MID,Midlands,540,1611,2.98,503,82,44,355,65.7,0
2025-05-12,2025-05-18,2025,20,NE,North East,298,862,2.89,279,53,19,195,65.4,0
2025-05-12,2025-05-18,2025,20,NW,North West,413,1263,3.06,386,48,34,288,69.7,0
2025-05-12,2025-05-18,2025,20,SCO,Scotland,303,914,3.02,286,23,26,226,74.6,0
2025-05-12,2025-05-18,2025,20,SE,South East,560,1643,2.93,529,90,44,374,66.8,0
2025-05-12,2025-05-18,2025,20,SW,South West,271,796,2.94,255,40,16,184,67.9,0
2025-05-12,2025-05-18,2025,20,WAL,Wales,232,735,3.17,215,36,22,149,64.2,0
2025-05-12,2025-05-18,2025,20,YRK,Yorkshire,368,1142,3.1,350,62,34,238,64.7,0
2025-05-19,2025-05-25,2025,21,MID,Midlands,541,1592,2.94,503,66,30,382,70.6,0
2025-05-19,2025-05-25,2025,21,NE,North East,326,1001,3.07,304,56,24,208,63.8,0
2025-05-19,2025-05-25,2025,21,NW,North West,464,1388,2.99,434,67,38,313,67.5,0
2025-05-19,2025-05-25,2025,21,SCO,Scotland,288,853,2.96,275,52,14,202,70.1,0
2025-05-19,2025-05-25,2025,21,SE,South East,568,1753,3.09,540,90,34,400,70.4,0
2025-05-19,2025-05-25,2025,21,SW,South West,297,907,3.05,283,43,20,210,70.7,0
2025-05-19,2025-05-25,2025,21,WAL,Wales,220,613,2.79,206,37,22,136,61.8,0
2025-05-19,2025-05-25,2025,21,YRK,Yorkshire,386,1128,2.92,372,41,33,283,73.3,0
2025-05-26,2025-06-01,2025,22,MID,Midlands,541,1665,3.08,512,67,41,378,69.9,0
2025-05-26,2025-06-01,2025,22,NE,North East,320,930,2.91,300,45,24,224,70.0,0
2025-05-26,2025-06-01,2025,22,NW,North West,458,1352,2.95,436,70,40,313,68.3,0
2025-05-26,2025-06-01,2025,22,SCO,Scotland,308,961,3.12,297,39,16,232,75.3,0
2025-05-26,2025-06-01,2025,22,SE,South East,594,1804,3.04,553,79,52,396,66.7,0
2025-05-26,2025-06-01,2025,22,SW,South West,284,863,3.04,270,45,18,194,68.3,0
2025-05-26,2025-06-01,2025,22,WAL,Wales,227,678,2.99,210,29,18,156,68.7,0
2025-05-26,2025-06-01,2025,22,YRK,Yorkshire,394,1148,2.91,371,48,28,280,71.1,0
2025-06-02,2025-06-08,2025,23,MID,Midlands,563,1669,2.96,527,64,59,375,66.6,0
2025-06-02,2025-06-08,2025,23,NE,North East,326,977,3.0,305,45,34,214,65.6,0
2025-06-02,2025-06-08,2025,23,NW,North West,456,1365,2.99,423,52,46,304,66.7,0
2025-06-02,2025-06-08,2025,23,SCO,Scotland,315,925,2.94,299,41,22,225,71.4,0
2025-06-02,2025-06-08,2025,23,SE,South East,614,1782,2.9,580,79,48,433,70.5,0
2025-06-02,2025-06-08,2025,23,SW,South West,268,820,3.06,250,40,15,184,68.7,0
2025-06-02,2025-06-08,2025,23,WAL,Wales,225,669,2.97,214,29,17,160,71.1,0
2025-06-02,2025-06-08,2025,23,YRK,Yorkshire,397,1154,2.91,376,47,33,281,70.8,0
2025-06-09,2025-06-15,2025,24,MID,Midlands,553,1692,3.06,521,84,56,357,64.6,0
2025-06-09,2025-06-15,2025,24,NE,North East,348,1008,2.9,328,51,31,233,67.0,0
2025-06-09,2025-06-15,2025,24,NW,North West,464,1390,3.0,437,63,30,322,69.4,0
2025-06-09,2025-06-15,2025,24,SCO,Scotland,308,925,3.0,292,42,36,203,65.9,0
2025-06-09,2025-06-15,2025,24,SE,South East,645,1843,2.86,611,90,62,439,68.1,0
2025-06-09,2025-06-15,2025,24,SW,South West,301,922,3.06,281,42,17,211,70.1,0
2025-06-09,2025-06-15,2025,24,WAL,Wales,230,695,3.02,216,36,16,151,65.7,0
2025-06-09,2025-06-15,2025,24,YRK,Yorkshire,434,1251,2.88,403,61,29,297,68.4,0
2025-06-16,2025-06-22,2025,25,MID,Midlands,556,1712,3.08,519,66,51,378,68.0,0
2025-06-16,2025-06-22,2025,25,NE,North East,346,1010,2.92,331,49,29,242,69.9,0
2025-06-16,2025-06-22,2025,25,NW,North West,483,1406,2.91,447,57,33,335,69.4,0
2025-06-16,2025-06-22,2025,25,SCO,Scotland,340,970,2.85,321,49,25,237,69.7,0
2025-06-16,2025-06-22,2025,25,SE,South East,654,2012,3.08,607,86,62,435,66.5,0
2025-06-16,2025-06-22,2025,25,SW,South West,312,923,2.96,296,48,34,197,63.1,0
2025-06-16,2025-06-22,2025,25,WAL,Wales,235,720,3.06,222,33,22,156,66.4,0
2025-06-16,2025-06-22,2025,25,YRK,Yorkshire,427,1245,2.92,397,66,28,280,65.6,0
2025-06-23,2025-06-29,2025,26,MID,Midlands,582,1758,3.02,551,82,46,400,68.7,0
2025-06-23,2025-06-29,2025,26,NE,North East,348,1024,2.94,324,42,30,236,67.8,0
2025-06-23,2025-06-29,2025,26,NW,North West,485,1391,2.87,455,69,47,320,66.0,0
2025-06-23,2025-06-29,2025,26,SCO,Scotland,318,1007,3.17,295,46,23,217,68.2,0
2025-06-23,2025-06-29,2025,26,SE,South East,672,2032,3.02,629,79,54,466,69.3,0
2025-06-23,2025-06-29,2025,26,SW,South West,311,917,2.95,293,45,25,210,67.5,0
2025-06-23,2025-06-29,2025,26,WAL,Wales,242,765,3.16,229,25,23,170,70.2,0
2025-06-23,2025-06-29,2025,26,YRK,Yorkshire,448,1361,3.04,420,68,33,300,67.0,0
2025-06-30,2025-07-06,2025,27,MID,Midlands,594,1837,3.09,549,79,44,397,66.8,0
2025-06-30,2025-07-06,2025,27,NE,North East,338,1077,3.19,319,52,34,221,65.4,0
2025-06-30,2025-07-06,2025,27,NW,North West,486,1493,3.07,461,70,36,336,69.1,0
2025-06-30,2025-07-06,2025,27,SCO,Scotland,334,1013,3.03,315,57,21,232,69.5,0
2025-06-30,2025-07-06,2025,27,SE,South East,683,2032,2.98,626,90,48,449,65.7,0
2025-06-30,2025-07-06,2025,27,SW,South West,318,925,2.91,302,47,27,220,69.2,0
2025-06-30,2025-07-06,2025,27,WAL,Wales,252,766,3.04,238,27,20,177,70.2,0
2025-06-30,2025-07-06,2025,27,YRK,Yorkshire,473,1408,2.98,444,65,34,323,68.3,0
2025-07-07,2025-07-13,2025,28,MID,Midlands,629,1887,3.0,593,84,51,431,68.5,0
2025-07-07,2025-07-13,2025,28,NE,North East,351,1103,3.14,331,52,20,245,69.8,0
2025-07-07,2025-07-13,2025,28,NW,North West,481,1420,2.95,452,68,36,328,68.2,0
2025-07-07,2025-07-13,2025,28,SCO,Scotland,356,1097,3.08,332,47,30,240,67.4,0
2025-07-07,2025-07-13,2025,28,SE,South East,676,2072,3.07,631,84,55,463,68.5,0
2025-07-07,2025-07-13,2025,28,SW,South West,338,1042,3.08,317,46,33,225,66.6,0
2025-07-07,2025-07-13,2025,28,WAL,Wales,261,791,3.03,237,40,9,174,66.7,0
2025-07-07,2025-07-13,2025,28,YRK,Yorkshire,484,1467,3.03,454,71,29,332,68.6,0
2025-07-14,2025-07-20,2025,29,MID,Midlands,678,2042,3.01,634,90,51,466,68.7,0
2025-07-14,2025-07-20,2025,29,NE,North East,389,1171,3.01,365,49,35,264,67.9,0
2025-07-14,2025-07-20,2025,29,NW,North West,522,1530,2.93,485,70,47,343,65.7,0
2025-07-14,2025-07-20,2025,29,SCO,Scotland,377,1138,3.02,356,55,29,259,68.7,0
2025-07-14,2025-07-20,2025,29,SE,South East,728,2181,3.0,679,104,53,485,66.6,0
2025-07-14,2025-07-20,2025,29,SW,South West,340,1009,2.97,317,41,27,234,68.8,0
2025-07-14,2025-07-20,2025,29,WAL,Wales,277,817,2.95,258,33,23,191,69.0,0
2025-07-14,2025-07-20,2025,29,YRK,Yorkshire,475,1393,2.93,450,60,43,330,69.5,0
2025-07-21,2025-07-27,2025,30,MID,Midlands,648,1913,2.95,607,99,46,436,67.3,0
2025-07-21,2025-07-27,2025,30,NE,North East,391,1205,3.08,367,52,26,277,70.8,0
2025-07-21,2025-07-27,2025,30,NW,North West,536,1581,2.95,501,73,44,361,67.4,0
2025-07-21,2025-07-27,2025,30,SCO,Scotland,364,1079,2.96,346,62,26,239,65.7,0
2025-07-21,2025-07-27,2025,30,SE,South East,715,2188,3.06,669,101,56,479,67.0,0
2025-07-21,2025-07-27,2025,30,SW,South West,350,1066,3.05,328,46,31,237,67.7,0
2025-07-21,2025-07-27,2025,30,WAL,Wales,290,901,3.11,273,52,24,186,64.1,0
2025-07-21,2025-07-27,2025,30,YRK,Yorkshire,506,1505,2.97,471,64,35,352,69.6,0
2025-07-28,2025-08-03,2025,31,MID,Midlands,657,1960,2.98,617,98,51,440,67.0,0
2025-07-28,2025-08-03,2025,31,NE,North East,408,1178,2.89,386,62,40,264,64.7,0
2025-07-28,2025-08-03,2025,31,NW,North West,576,1751,3.04,538,87,48,378,65.6,0
2025-07-28,2025-08-03,2025,31,SCO,Scotland,405,1176,2.9,379,65,31,263,64.9,0
2025-07-28,2025-08-03,2025,31,SE,South East,732,2224,3.04,688,101,51,512,69.9,0
2025-07-28,2025-08-03,2025,31,SW,South West,344,1009,2.93,330,49,28,242,70.3,0
2025-07-28,2025-08-03,2025,31,WAL,Wales,283,839,2.96,264,41,16,197,69.6,0
2025-07-28,2025-08-03,2025,31,YRK,Yorkshire,511,1537,3.01,476,62,38,355,69.5,0
2025-08-04,2025-08-10,2025,32,MID,Midlands,671,1987,2.96,634,70,48,493,73.5,0
2025-08-04,2025-08-10,2025,32,NE,North East,385,1164,3.02,361,55,28,258,67.0,0
2025-08-04,2025-08-10,2025,32,NW,North West,555,1713,3.09,527,88,43,378,68.1,0
2025-08-04,2025-08-10,2025,32,SCO,Scotland,379,1146,3.02,362,60,33,257,67.8,0
2025-08-04,2025-08-10,2025,32,SE,South East,777,2286,2.94,736,109,66,537,69.1,0
2025-08-04,2025-08-10,2025,32,SW,South West,366,1106,3.02,342,41,32,254,69.4,0
2025-08-04,2025-08-10,2025,32,WAL,Wales,295,896,3.04,276,34,25,202,68.5,0
2025-08-04,2025-08-10,2025,32,YRK,Yorkshire,511,1489,2.91,479,71,47,340,66.5,0
2025-08-11,2025-08-17,2025,33,MID,Midlands,663,1913,2.89,627,91,47,465,70.1,0
2025-08-11,2025-08-17,2025,33,NE,North East,429,1306,3.04,405,69,24,293,68.3,0
2025-08-11,2025-08-17,2025,33,NW,North West,566,1689,2.98,522,81,44,371,65.5,0
2025-08-11,2025-08-17,2025,33,SCO,Scotland,391,1188,3.04,373,44,39,271,69.3,0
2025-08-11,2025-08-17,2025,33,SE,South East,779,2319,2.98,735,130,54,526,67.5,0
2025-08-11,2025-08-17,2025,33,SW,South West,366,1072,2.93,344,46,28,258,70.5,0
2025-08-11,2025-08-17,2025,33,WAL,Wales,306,936,3.06,291,59,16,205,67.0,0
2025-08-11,2025-08-17,2025,33,YRK,Yorkshire,519,1589,3.06,495,76,48,356,68.6,0
2025-08-18,2025-08-24,2025,34,MID,Midlands,682,1993,2.92,641,98,53,461,67.6,0
2025-08-18,2025-08-24,2025,34,NE,North East,401,1202,3.0,379,50,35,280,69.8,0
2025-08-18,2025-08-24,2025,34,NW,North West,562,1667,2.97,527,74,46,382,68.0,0
2025-08-18,2025-08-24,2025,34,SCO,Scotland,416,1239,2.98,394,60,37,282,67.8,0
2025-08-18,2025-08-24,2025,34,SE,South East,802,2396,2.99,748,104,66,542,67.6,0
2025-08-18,2025-08-24,2025,34,SW,South West,369,1097,2.97,350,53,24,258,69.9,0
2025-08-18,2025-08-24,2025,34,WAL,Wales,297,898,3.02,272,52,16,193,65.0,0
2025-08-18,2025-08-24,2025,34,YRK,Yorkshire,514,1578,3.07,476,66,36,349,67.9,0
2025-08-25,2025-08-31,2025,35,MID,Midlands,693,2044,2.95,648,95,66,458,66.1,0
2025-08-25,2025-08-31,2025,35,NE,North East,453,1340,2.96,419,51,48,301,66.4,0
2025-08-25,2025-08-31,2025,35,NW,North West,574,1693,2.95,529,83,35,382,66.6,0
2025-08-25,2025-08-31,2025,35,SCO,Scotland,391,1120,2.86,368,59,34,259,66.2,0
2025-08-25,2025-08-31,2025,35,SE,South East,805,2405,2.99,766,131,65,542,67.3,0
2025-08-25,2025-08-31,2025,35,SW,South West,378,1156,3.06,352,53,36,244,64.6,0
2025-08-25,2025-08-31,2025,35,WAL,Wales,313,917,2.93,280,35,26,200,63.9,0
2025-08-25,2025-08-31,2025,35,YRK,Yorkshire,534,1543,2.89,507,79,41,365,68.4,0
2025-09-01,2025-09-07,2025,36,MID,Midlands,748,2250,3.01,708,112,70,499,66.7,0
2025-09-01,2025-09-07,2025,36,NE,North East,431,1307,3.03,407,60,51,282,65.4,0
2025-09-01,2025-09-07,2025,36,NW,North West,626,1877,3.0,586,100,47,412,65.8,0
2025-09-01,2025-09-07,2025,36,SCO,Scotland,414,1220,2.95,387,48,26,293,70.8,0
2025-09-01,2025-09-07,2025,36,SE,South East,850,2497,2.94,802,125,64,577,67.9,0
2025-09-01,2025-09-07,2025,36,SW,South West,388,1191,3.07,362,49,37,260,67.0,0
2025-09-01,2025-09-07,2025,36,WAL,Wales,299,879,2.94,279,44,40,182,60.9,0
2025-09-01,2025-09-07,2025,36,YRK,Yorkshire,541,1641,3.03,506,79,45,363,67.1,0
2025-09-08,2025-09-14,2025,37,MID,Midlands,727,2184,3.0,684,88,66,501,68.9,0
2025-09-08,2025-09-14,2025,37,NE,North East,455,1384,3.04,425,68,31,307,67.5,0
2025-09-08,2025-09-14,2025,37,NW,North West,601,1766,2.94,563,92,51,393,65.4,0
2025-09-08,2025-09-14,2025,37,SCO,Scotland,408,1237,3.03,377,63,27,270,66.2,0
2025-09-08,2025-09-14,2025,37,SE,South East,816,2466,3.02,765,118,69,545,66.8,0
2025-09-08,2025-09-14,2025,37,SW,South West,381,1164,3.06,355,53,41,244,64.0,0
2025-09-08,2025-09-14,2025,37,WAL,Wales,296,890,3.01,283,44,29,199,67.2,0
2025-09-08,2025-09-14,2025,37,YRK,Yorkshire,546,1610,2.95,512,76,45,363,66.5,0
2025-09-15,2025-09-21,2025,38,MID,Midlands,769,2283,2.97,711,101,59,511,66.4,0
2025-09-15,2025-09-21,2025,38,NE,North East,437,1257,2.88,410,61,33,300,68.6,0
2025-09-15,2025-09-21,2025,38,NW,North West,609,1771,2.91,574,87,57,409,67.2,0
2025-09-15,2025-09-21,2025,38,SCO,Scotland,416,1291,3.1,393,65,24,285,68.5,0
2025-09-15,2025-09-21,2025,38,SE,South East,802,2365,2.95,749,114,50,548,68.3,0
2025-09-15,2025-09-21,2025,38,SW,South West,392,1184,3.02,368,39,26,286,73.0,0
2025-09-15,2025-09-21,2025,38,WAL,Wales,308,928,3.01,283,39,28,202,65.6,0
2025-09-15,2025-09-21,2025,38,YRK,Yorkshire,576,1707,2.96,542,83,48,389,67.5,0
2025-09-22,2025-09-28,2025,39,MID,Midlands,749,2270,3.03,701,89,48,527,70.4,0
2025-09-22,2025-09-28,2025,39,NE,North East,447,1288,2.88,415,56,44,293,65.5,0
2025-09-22,2025-09-28,2025,39,NW,North West,613,1762,2.87,577,81,42,431,70.3,0
2025-09-22,2025-09-28,2025,39,SCO,Scotland,445,1391,3.13,416,68,27,303,68.1,0
2025-09-22,2025-09-28,2025,39,SE,South East,814,2470,3.03,766,104,60,574,70.5,0
2025-09-22,2025-09-28,2025,39,SW,South West,390,1187,3.04,366,53,35,263,67.4,0
2025-09-22,2025-09-28,2025,39,WAL,Wales,321,959,2.99,300,46,18,220,68.5,0
2025-09-22,2025-09-28,2025,39,YRK,Yorkshire,575,1753,3.05,537,87,42,384,66.8,0
2025-09-29,2025-10-05,2025,40,MID,Midlands,739,2259,3.06,695,99,58,507,68.6,0
2025-09-29,2025-10-05,2025,40,NE,North East,458,1382,3.02,433,63,47,303,66.2,0
2025-09-29,2025-10-05,2025,40,NW,North West,611,1832,3.0,576,79,43,427,69.9,0
2025-09-29,2025-10-05,2025,40,SCO,Scotland,455,1383,3.04,429,66,49,298,65.5,0
2025-09-29,2025-10-05,2025,40,SE,South East,855,2568,3.0,804,117,70,584,68.3,0
2025-09-29,2025-10-05,2025,40,SW,South West,385,1179,3.06,367,55,29,269,69.9,0
2025-09-29,2025-10-05,2025,40,WAL,Wales,316,942,2.98,295,50,28,205,64.9,0
2025-09-29,2025-10-05,2025,40,YRK,Yorkshire,535,1641,3.07,498,75,43,362,67.7,0
2025-10-06,2025-10-12,2025,41,MID,Midlands,761,2309,3.03,716,103,66,516,67.8,0
2025-10-06,2025-10-12,2025,41,NE,North East,437,1266,2.9,413,49,39,308,70.5,0
2025-10-06,2025-10-12,2025,41,NW,North West,600,1789,2.98,558,71,44,416,69.3,0
2025-10-06,2025-10-12,2025,41,SCO,Scotland,434,1329,3.06,407,53,34,307,70.7,0
2025-10-06,2025-10-12,2025,41,SE,South East,820,2437,2.97,768,116,76,541,66.0,0
2025-10-06,2025-10-12,2025,41,SW,South West,392,1193,3.04,368,51,34,270,68.9,0
2025-10-06,2025-10-12,2025,41,WAL,Wales,318,936,2.94,301,37,19,229,72.0,0
2025-10-06,2025-10-12,2025,41,YRK,Yorkshire,532,1585,2.98,501,83,37,360,67.7,0
2025-10-13,2025-10-19,2025,42,MID,Midlands,704,2085,2.96,668,94,50,496,70.5,0
2025-10-13,2025-10-19,2025,42,NE,North East,445,1316,2.96,409,54,35,298,67.0,0
2025-10-13,2025-10-19,2025,42,NW,North West,608,1828,3.01,578,76,50,429,70.6,0
2025-10-13,2025-10-19,2025,42,SCO,Scotland,422,1283,3.04,391,59,38,275,65.2,0
2025-10-13,2025-10-19,2025,42,SE,South East,821,2413,2.94,772,97,61,582,70.9,0
2025-10-13,2025-10-19,2025,42,SW,South West,397,1222,3.08,375,60,28,274,69.0,0
2025-10-13,2025-10-19,2025,42,WAL,Wales,306,907,2.96,291,43,26,211,69.0,0
2025-10-13,2025-10-19,2025,42,YRK,Yorkshire,522,1568,3.0,492,64,42,367,70.3,0
2025-10-20,2025-10-26,2025,43,MID,Midlands,781,2373,3.04,726,109,59,521,66.7,0
2025-10-20,2025-10-26,2025,43,NE,North East,460,1424,3.1,436,46,45,331,72.0,0
2025-10-20,2025-10-26,2025,43,NW,North West,602,1809,3.0,561,98,44,389,64.6,0
2025-10-20,2025-10-26,2025,43,SCO,Scotland,406,1249,3.08,384,65,32,271,66.7,0
2025-10-20,2025-10-26,2025,43,SE,South East,853,2496,2.93,803,108,64,595,69.8,0
2025-10-20,2025-10-26,2025,43,SW,South West,391,1200,3.07,368,50,27,277,70.8,0
2025-10-20,2025-10-26,2025,43,WAL,Wales,317,954,3.01,296,41,23,223,70.3,0
2025-10-20,2025-10-26,2025,43,YRK,Yorkshire,587,1742,2.97,552,84,47,396,67.5,0
2025-10-27,2025-11-02,2025,44,MID,Midlands,731,2141,2.93,694,83,54,529,72.4,0
2025-10-27,2025-11-02,2025,44,NE,North East,439,1315,3.0,414,65,45,289,65.8,0
2025-10-27,2025-11-02,2025,44,NW,North West,592,1742,2.94,556,91,45,391,66.0,0
2025-10-27,2025-11-02,2025,44,SCO,Scotland,439,1326,3.02,415,65,36,294,67.0,0
2025-10-27,2025-11-02,2025,44,SE,South East,852,2590,3.04,803,119,59,596,70.0,0
2025-10-27,2025-11-02,2025,44,SW,South West,368,1147,3.12,352,50,37,249,67.7,0
2025-10-27,2025-11-02,2025,44,WAL,Wales,294,863,2.94,271,40,19,202,68.7,0
2025-10-27,2025-11-02,2025,44,YRK,Yorkshire,547,1630,2.98,509,73,37,381,69.7,0
2025-11-03,2025-11-09,2025,45,MID,Midlands,717,2117,2.95,670,90,54,496,69.2,0
2025-11-03,2025-11-09,2025,45,NE,North East,447,1352,3.02,418,50,42,306,68.5,0
2025-11-03,2025-11-09,2025,45,NW,North West,615,1815,2.95,576,94,40,417,67.8,0
2025-11-03,2025-11-09,2025,45,SCO,Scotland,434,1330,3.06,408,55,34,302,69.6,0
2025-11-03,2025-11-09,2025,45,SE,South East,824,2455,2.98,775,119,70,558,67.7,0
2025-11-03,2025-11-09,2025,45,SW,South West,380,1126,2.96,355,61,22,253,66.6,0
2025-11-03,2025-11-09,2025,45,WAL,Wales,298,880,2.95,277,45,20,195,65.4,0
2025-11-03,2025-11-09,2025,45,YRK,Yorkshire,593,1779,3.0,555,88,43,398,67.1,0
2025-11-10,2025-11-16,2025,46,MID,Midlands,724,2128,2.94,685,112,56,487,67.3,0
2025-11-10,2025-11-16,2025,46,NE,North East,431,1321,3.06,407,68,30,294,68.2,0
2025-11-10,2025-11-16,2025,46,NW,North West,608,1858,3.06,578,82,46,426,70.1,0
2025-11-10,2025-11-16,2025,46,SCO,Scotland,390,1209,3.1,362,49,34,258,66.2,0
2025-11-10,2025-11-16,2025,46,SE,South East,787,2357,2.99,734,95,61,548,69.6,0
2025-11-10,2025-11-16,2025,46,SW,South West,393,1145,2.91,367,50,35,263,66.9,0
2025-11-10,2025-11-16,2025,46,WAL,Wales,307,913,2.97,291,52,21,211,68.7,0
2025-11-10,2025-11-16,2025,46,YRK,Yorkshire,532,1565,2.94,501,88,44,348,65.4,0
2025-11-17,2025-11-23,2025,47,MID,Midlands,693,2023,2.92,657,94,63,475,68.5,0
2025-11-17,2025-11-23,2025,47,NE,North East,435,1311,3.01,412,57,27,311,71.5,0
2025-11-17,2025-11-23,2025,47,NW,North West,615,1812,2.95,586,101,46,423,68.8,0
2025-11-17,2025-11-23,2025,47,SCO,Scotland,391,1135,2.9,362,52,25,275,70.3,0
2025-11-17,2025-11-23,2025,47,SE,South East,799,2443,3.06,750,114,66,539,67.5,0
2025-11-17,2025-11-23,2025,47,SW,South West,368,1102,2.99,350,39,41,258,70.1,0
2025-11-17,2025-11-23,2025,47,WAL,Wales,313,907,2.9,292,37,22,213,68.1,0
2025-11-17,2025-11-23,2025,47,YRK,Yorkshire,522,1576,3.02,493,73,39,357,68.4,0
2025-11-24,2025-11-30,2025,48,MID,Midlands,696,2045,2.94,651,104,63,458,65.8,0
2025-11-24,2025-11-30,2025,48,NE,North East,406,1205,2.97,382,44,39,280,69.0,0
2025-11-24,2025-11-30,2025,48,NW,North West,548,1654,3.02,517,90,38,373,68.1,0
2025-11-24,2025-11-30,2025,48,SCO,Scotland,400,1221,3.05,373,51,34,267,66.8,0
2025-11-24,2025-11-30,2025,48,SE,South East,798,2425,3.04,754,118,64,535,67.0,0
2025-11-24,2025-11-30,2025,48,SW,South West,365,1123,3.08,339,48,23,257,70.4,0
2025-11-24,2025-11-30,2025,48,WAL,Wales,294,874,2.97,278,36,25,205,69.7,0
2025-11-24,2025-11-30,2025,48,YRK,Yorkshire,539,1630,3.02,506,68,42,372,69.0,0
2025-12-01,2025-12-07,2025,49,MID,Midlands,693,2103,3.03,647,95,53,469,67.7,0
2025-12-01,2025-12-07,2025,49,NE,North East,410,1235,3.01,379,60,25,272,66.3,0
2025-12-01,2025-12-07,2025,49,NW,North West,542,1622,2.99,506,59,49,377,69.6,0
2025-12-01,2025-12-07,2025,49,SCO,Scotland,388,1174,3.03,366,64,26,262,67.5,0
2025-12-01,2025-12-07,2025,49,SE,South East,770,2294,2.98,722,108,76,510,66.2,0
2025-12-01,2025-12-07,2025,49,SW,South West,338,1019,3.01,317,50,12,240,71.0,0
2025-12-01,2025-12-07,2025,49,WAL,Wales,307,945,3.08,293,46,28,207,67.4,0
2025-12-01,2025-12-07,2025,49,YRK,Yorkshire,499,1497,3.0,467,68,35,341,68.3,0
2025-12-08,2025-12-14,2025,50,MID,Midlands,717,2124,2.96,673,101,46,499,69.6,0
2025-12-08,2025-12-14,2025,50,NE,North East,409,1236,3.02,390,62,32,284,69.4,0
2025-12-08,2025-12-14,2025,50,NW,North West,547,1578,2.88,519,80,50,364,66.5,0
2025-12-08,2025-12-14,2025,50,SCO,Scotland,368,1152,3.13,349,49,22,262,71.2,0
2025-12-08,2025-12-14,2025,50,SE,South East,776,2301,2.97,731,108,66,529,68.2,0
2025-12-08,2025-12-14,2025,50,SW,South West,365,1079,2.96,343,54,33,241,66.0,0
2025-12-08,2025-12-14,2025,50,WAL,Wales,289,885,3.06,271,37,18,207,71.6,0
2025-12-08,2025-12-14,2025,50,YRK,Yorkshire,522,1521,2.91,481,72,34,352,67.4,0
2025-12-15,2025-12-21,2025,51,MID,Midlands,665,1977,2.97,630,96,60,445,66.9,0
2025-12-15,2025-12-21,2025,51,NE,North East,397,1232,3.1,371,39,33,284,71.5,0
2025-12-15,2025-12-21,2025,51,NW,North West,530,1637,3.09,499,73,31,373,70.4,0
2025-12-15,2025-12-21,2025,51,SCO,Scotland,389,1192,3.06,370,50,29,277,71.2,0
2025-12-15,2025-12-21,2025,51,SE,South East,770,2302,2.99,722,108,63,520,67.5,0
2025-12-15,2025-12-21,2025,51,SW,South West,365,1073,2.94,342,45,34,247,67.7,0
2025-12-15,2025-12-21,2025,51,WAL,Wales,287,875,3.05,271,40,27,192,66.9,0
2025-12-15,2025-12-21,2025,51,YRK,Yorkshire,502,1517,3.02,470,68,46,341,67.9,0
2025-12-22,2025-12-28,2025,52,MID,Midlands,681,2035,2.99,643,99,60,461,67.7,0
2025-12-22,2025-12-28,2025,52,NE,North East,395,1199,3.04,372,53,33,270,68.4,0
2025-12-22,2025-12-28,2025,52,NW,North West,518,1500,2.9,482,70,43,347,67.0,0
2025-12-22,2025-12-28,2025,52,SCO,Scotland,375,1139,3.04,350,47,35,253,67.5,0
2025-12-22,2025-12-28,2025,52,SE,South East,737,2161,2.93,691,95,58,505,68.5,0
2025-12-22,2025-12-28,2025,52,SW,South West,356,1077,3.03,335,53,34,235,66.0,0
2025-12-22,2025-12-28,2025,52,WAL,Wales,295,879,2.98,275,29,26,205,69.5,0
2025-12-22,2025-12-28,2025,52,YRK,Yorkshire,452,1372,3.04,430,59,43,311,68.8,0
2025-12-29,2026-01-04,2025,1,MID,Midlands,365,1117,3.06,346,41,27,265,72.6,0
2025-12-29,2026-01-04,2025,1,NE,North East,213,646,3.03,201,28,12,151,70.9,0
2025-12-29,2026-01-04,2025,1,NW,North West,291,881,3.03,268,42,30,183,62.9,0
2025-12-29,2026-01-04,2025,1,SCO,Scotland,193,517,2.68,175,22,14,133,68.9,0
2025-12-29,2026-01-04,2025,1,SE,South East,386,1154,2.99,367,48,41,265,68.7,0
2025-12-29,2026-01-04,2025,1,SW,South West,184,564,3.07,172,22,14,128,69.6,0
2025-12-29,2026-01-04,2025,1,WAL,Wales,147,424,2.88,141,24,17,94,63.9,0
2025-12-29,2026-01-04,2025,1,YRK,Yorkshire,251,757,3.02,237,38,23,163,64.9,0
2025-12-29,2026-01-04,2026,1,MID,Midlands,290,0,0.0,0,0,0,0,0.0,1
2025-12-29,2026-01-04,2026,1,NE,North East,174,0,0.0,0,0,0,0,0.0,1
2025-12-29,2026-01-04,2026,1,NW,North West,230,0,0.0,0,0,0,0,0.0,1
2025-12-29,2026-01-04,2026,1,SCO,Scotland,172,0,0.0,0,0,0,0,0.0,1
2025-12-29,2026-01-04,2026,1,SE,South East,332,0,0.0,0,0,0,0,0.0,1
2025-12-29,2026-01-04,2026,1,SW,South West,156,0,0.0,0,0,0,0,0.0,1
2025-12-29,2026-01-04,2026,1,WAL,Wales,123,0,0.0,0,0,0,0,0.0,1
2025-12-29,2026-01-04,2026,1,YRK,Yorkshire,223,0,0.0,0,0,0,0,0.0,1
2026-01-05,2026-01-11,2026,2,MID,Midlands,602,0,0.0,0,0,0,0,0.0,1
2026-01-05,2026-01-11,2026,2,NE,North East,379,0,0.0,0,0,0,0,0.0,1
2026-01-05,2026-01-11,2026,2,NW,North West,551,0,0.0,0,0,0,0,0.0,1
2026-01-05,2026-01-11,2026,2,SCO,Scotland,358,0,0.0,0,0,0,0,0.0,1
2026-01-05,2026-01-11,2026,2,SE,South East,717,0,0.0,0,0,0,0,0.0,1
2026-01-05,2026-01-11,2026,2,SW,South West,325,0,0.0,0,0,0,0,0.0,1
2026-01-05,2026-01-11,2026,2,WAL,Wales,250,0,0.0,0,0,0,0,0.0,1
2026-01-05,2026-01-11,2026,2,YRK,Yorkshire,455,0,0.0,0,0,0,0,0.0,1
2026-01-12,2026-01-18,2026,3,MID,Midlands,582,0,0.0,0,0,0,0,0.0,1
2026-01-12,2026-01-18,2026,3,NE,North East,366,0,0.0,0,0,0,0,0.0,1
2026-01-12,2026-01-18,2026,3,NW,North West,496,0,0.0,0,0,0,0,0.0,1
2026-01-12,2026-01-18,2026,3,SCO,Scotland,329,0,0.0,0,0,0,0,0.0,1
2026-01-12,2026-01-18,2026,3,SE,South East,660,0,0.0,0,0,0,0,0.0,1
2026-01-12,2026-01-18,2026,3,SW,South West,293,0,0.0,0,0,0,0,0.0,1
2026-01-12,2026-01-18,2026,3,WAL,Wales,259,0,0.0,0,0,0,0,0.0,1
2026-01-12,2026-01-18,2026,3,YRK,Yorkshire,440,0,0.0,0,0,0,0,0.0,1
2026-01-19,2026-01-25,2026,4,MID,Midlands,603,0,0.0,0,0,0,0,0.0,1
2026-01-19,2026-01-25,2026,4,NE,North East,363,0,0.0,0,0,0,0,0.0,1
2026-01-19,2026-01-25,2026,4,NW,North West,494,0,0.0,0,0,0,0,0.0,1
2026-01-19,2026-01-25,2026,4,SCO,Scotland,322,0,0.0,0,0,0,0,0.0,1
2026-01-19,2026-01-25,2026,4,SE,South East,637,0,0.0,0,0,0,0,0.0,1
2026-01-19,2026-01-25,2026,4,SW,South West,320,0,0.0,0,0,0,0,0.0,1
2026-01-19,2026-01-25,2026,4,WAL,Wales,249,0,0.0,0,0,0,0,0.0,1
2026-01-19,2026-01-25,2026,4,YRK,Yorkshire,436,0,0.0,0,0,0,0,0.0,1
2026-01-26,2026-02-01,2026,5,MID,Midlands,595,0,0.0,0,0,0,0,0.0,1
2026-01-26,2026-02-01,2026,5,NE,North East,350,0,0.0,0,0,0,0,0.0,1
2026-01-26,2026-02-01,2026,5,NW,North West,456,0,0.0,0,0,0,0,0.0,1
2026-01-26,2026-02-01,2026,5,SCO,Scotland,316,0,0.0,0,0,0,0,0.0,1
2026-01-26,2026-02-01,2026,5,SE,South East,658,0,0.0,0,0,0,0,0.0,1
2026-01-26,2026-02-01,2026,5,SW,South West,310,0,0.0,0,0,0,0,0.0,1
2026-01-26,2026-02-01,2026,5,WAL,Wales,244,0,0.0,0,0,0,0,0.0,1
2026-01-26,2026-02-01,2026,5,YRK,Yorkshire,425,0,0.0,0,0,0,0,0.0,1
2026-02-02,2026-02-08,2026,6,MID,Midlands,572,0,0.0,0,0,0,0,0.0,1
2026-02-02,2026-02-08,2026,6,NE,North East,320,0,0.0,0,0,0,0,0.0,1
2026-02-02,2026-02-08,2026,6,NW,North West,441,0,0.0,0,0,0,0,0.0,1
2026-02-02,2026-02-08,2026,6,SCO,Scotland,341,0,0.0,0,0,0,0,0.0,1
2026-02-02,2026-02-08,2026,6,SE,South East,623,0,0.0,0,0,0,0,0.0,1
2026-02-02,2026-02-08,2026,6,SW,South West,298,0,0.0,0,0,0,0,0.0,1
2026-02-02,2026-02-08,2026,6,WAL,Wales,237,0,0.0,0,0,0,0,0.0,1
2026-02-02,2026-02-08,2026,6,YRK,Yorkshire,414,0,0.0,0,0,0,0,0.0,1
2026-02-09,2026-02-15,2026,7,MID,Midlands,541,0,0.0,0,0,0,0,0.0,1
2026-02-09,2026-02-15,2026,7,NE,North East,337,0,0.0,0,0,0,0,0.0,1
2026-02-09,2026-02-15,2026,7,NW,North West,444,0,0.0,0,0,0,0,0.0,1
2026-02-09,2026-02-15,2026,7,SCO,Scotland,307,0,0.0,0,0,0,0,0.0,1
2026-02-09,2026-02-15,2026,7,SE,South East,609,0,0.0,0,0,0,0,0.0,1
2026-02-09,2026-02-15,2026,7,SW,South West,292,0,0.0,0,0,0,0,0.0,1
2026-02-09,2026-02-15,2026,7,WAL,Wales,238,0,0.0,0,0,0,0,0.0,1
2026-02-09,2026-02-15,2026,7,YRK,Yorkshire,420,0,0.0,0,0,0,0,0.0,1
2026-02-16,2026-02-22,2026,8,MID,Midlands,519,0,0.0,0,0,0,0,0.0,1
2026-02-16,2026-02-22,2026,8,NE,North East,336,0,0.0,0,0,0,0,0.0,1
2026-02-16,2026-02-22,2026,8,NW,North West,424,0,0.0,0,0,0,0,0.0,1
2026-02-16,2026-02-22,2026,8,SCO,Scotland,303,0,0.0,0,0,0,0,0.0,1
2026-02-16,2026-02-22,2026,8,SE,South East,618,0,0.0,0,0,0,0,0.0,1
2026-02-16,2026-02-22,2026,8,SW,South West,282,0,0.0,0,0,0,0,0.0,1
2026-02-16,2026-02-22,2026,8,WAL,Wales,234,0,0.0,0,0,0,0,0.0,1
2026-02-16,2026-02-22,2026,8,YRK,Yorkshire,383,0,0.0,0,0,0,0,0.0,1
2026-02-23,2026-03-01,2026,9,MID,Midlands,537,0,0.0,0,0,0,0,0.0,1
2026-02-23,2026-03-01,2026,9,NE,North East,313,0,0.0,0,0,0,0,0.0,1
2026-02-23,2026-03-01,2026,9,NW,North West,443,0,0.0,0,0,0,0,0.0,1
2026-02-23,2026-03-01,2026,9,SCO,Scotland,285,0,0.0,0,0,0,0,0.0,1
2026-02-23,2026-03-01,2026,9,SE,South East,613,0,0.0,0,0,0,0,0.0,1
2026-02-23,2026-03-01,2026,9,SW,South West,280,0,0.0,0,0,0,0,0.0,1
2026-02-23,2026-03-01,2026,9,WAL,Wales,215,0,0.0,0,0,0,0,0.0,1
2026-02-23,2026-03-01,2026,9,YRK,Yorkshire,403,0,0.0,0,0,0,0,0.0,1
2026-03-02,2026-03-08,2026,10,MID,Midlands,461,0,0.0,0,0,0,0,0.0,1
2026-03-02,2026-03-08,2026,10,NE,North East,301,0,0.0,0,0,0,0,0.0,1
2026-03-02,2026-03-08,2026,10,NW,North West,428,0,0.0,0,0,0,0,0.0,1
2026-03-02,2026-03-08,2026,10,SCO,Scotland,277,0,0.0,0,0,0,0,0.0,1
2026-03-02,2026-03-08,2026,10,SE,South East,590,0,0.0,0,0,0,0,0.0,1
2026-03-02,2026-03-08,2026,10,SW,South West,269,0,0.0,0,0,0,0,0.0,1
2026-03-02,2026-03-08,2026,10,WAL,Wales,208,0,0.0,0,0,0,0,0.0,1
2026-03-02,2026-03-08,2026,10,YRK,Yorkshire,383,0,0.0,0,0,0,0,0.0,1
2026-03-09,2026-03-15,2026,11,MID,Midlands,506,0,0.0,0,0,0,0,0.0,1
2026-03-09,2026-03-15,2026,11,NE,North East,322,0,0.0,0,0,0,0,0.0,1
2026-03-09,2026-03-15,2026,11,NW,North West,406,0,0.0,0,0,0,0,0.0,1
2026-03-09,2026-03-15,2026,11,SCO,Scotland,294,0,0.0,0,0,0,0,0.0,1
2026-03-09,2026-03-15,2026,11,SE,South East,571,0,0.0,0,0,0,0,0.0,1
2026-03-09,2026-03-15,2026,11,SW,South West,267,0,0.0,0,0,0,0,0.0,1
2026-03-09,2026-03-15,2026,11,WAL,Wales,190,0,0.0,0,0,0,0,0.0,1
2026-03-09,2026-03-15,2026,11,YRK,Yorkshire,387,0,0.0,0,0,0,0,0.0,1
2026-03-16,2026-03-22,2026,12,MID,Midlands,500,0,0.0,0,0,0,0,0.0,1
2026-03-16,2026-03-22,2026,12,NE,North East,295,0,0.0,0,0,0,0,0.0,1
2026-03-16,2026-03-22,2026,12,NW,North West,397,0,0.0,0,0,0,0,0.0,1
2026-03-16,2026-03-22,2026,12,SCO,Scotland,276,0,0.0,0,0,0,0,0.0,1
2026-03-16,2026-03-22,2026,12,SE,South East,559,0,0.0,0,0,0,0,0.0,1
2026-03-16,2026-03-22,2026,12,SW,South West,266,0,0.0,0,0,0,0,0.0,1
2026-03-16,2026-03-22,2026,12,WAL,Wales,213,0,0.0,0,0,0,0,0.0,1
2026-03-16,2026-03-22,2026,12,YRK,Yorkshire,377,0,0.0,0,0,0,0,0.0,1
2026-03-23,2026-03-29,2026,13,MID,Midlands,512,0,0.0,0,0,0,0,0.0,1
2026-03-23,2026-03-29,2026,13,NE,North East,305,0,0.0,0,0,0,0,0.0,1
2026-03-23,2026-03-29,2026,13,NW,North West,416,0,0.0,0,0,0,0,0.0,1
2026-03-23,2026-03-29,2026,13,SCO,Scotland,272,0,0.0,0,0,0,0,0.0,1
2026-03-23,2026-03-29,2026,13,SE,South East,571,0,0.0,0,0,0,0,0.0,1
2026-03-23,2026-03-29,2026,13,SW,South West,259,0,0.0,0,0,0,0,0.0,1
2026-03-23,2026-03-29,2026,13,WAL,Wales,222,0,0.0,0,0,0,0,0.0,1
2026-03-23,2026-03-29,2026,13,YRK,Yorkshire,381,0,0.0,0,0,0,0,0.0,1
2026-03-30,2026-04-05,2026,14,MID,Midlands,469,0,0.0,0,0,0,0,0.0,1
2026-03-30,2026-04-05,2026,14,NE,North East,297,0,0.0,0,0,0,0,0.0,1
2026-03-30,2026-04-05,2026,14,NW,North West,395,0,0.0,0,0,0,0,0.0,1
2026-03-30,2026-04-05,2026,14,SCO,Scotland,277,0,0.0,0,0,0,0,0.0,1
2026-03-30,2026-04-05,2026,14,SE,South East,539,0,0.0,0,0,0,0,0.0,1
2026-03-30,2026-04-05,2026,14,SW,South West,267,0,0.0,0,0,0,0,0.0,1
2026-03-30,2026-04-05,2026,14,WAL,Wales,208,0,0.0,0,0,0,0,0.0,1
2026-03-30,2026-04-05,2026,14,YRK,Yorkshire,365,0,0.0,0,0,0,0,0.0,1
2026-04-06,2026-04-12,2026,15,MID,Midlands,481,0,0.0,0,0,0,0,0.0,1
2026-04-06,2026-04-12,2026,15,NE,North East,298,0,0.0,0,0,0,0,0.0,1
2026-04-06,2026-04-12,2026,15,NW,North West,398,0,0.0,0,0,0,0,0.0,1
2026-04-06,2026-04-12,2026,15,SCO,Scotland,267,0,0.0,0,0,0,0,0.0,1
2026-04-06,2026-04-12,2026,15,SE,South East,532,0,0.0,0,0,0,0,0.0,1
2026-04-06,2026-04-12,2026,15,SW,South West,271,0,0.0,0,0,0,0,0.0,1
2026-04-06,2026-04-12,2026,15,WAL,Wales,212,0,0.0,0,0,0,0,0.0,1
2026-04-06,2026-04-12,2026,15,YRK,Yorkshire,357,0,0.0,0,0,0,0,0.0,1
2026-04-13,2026-04-19,2026,16,MID,Midlands,512,0,0.0,0,0,0,0,0.0,1
2026-04-13,2026-04-19,2026,16,NE,North East,292,0,0.0,0,0,0,0,0.0,1
2026-04-13,2026-04-19,2026,16,NW,North West,415,0,0.0,0,0,0,0,0.0,1
2026-04-13,2026-04-19,2026,16,SCO,Scotland,287,0,0.0,0,0,0,0,0.0,1
2026-04-13,2026-04-19,2026,16,SE,South East,565,0,0.0,0,0,0,0,0.0,1
2026-04-13,2026-04-19,2026,16,SW,South West,259,0,0.0,0,0,0,0,0.0,1
2026-04-13,2026-04-19,2026,16,WAL,Wales,209,0,0.0,0,0,0,0,0.0,1
2026-04-13,2026-04-19,2026,16,YRK,Yorkshire,382,0,0.0,0,0,0,0,0.0,1
2026-04-20,2026-04-26,2026,17,MID,Midlands,462,0,0.0,0,0,0,0,0.0,1
2026-04-20,2026-04-26,2026,17,NE,North East,291,0,0.0,0,0,0,0,0.0,1
2026-04-20,2026-04-26,2026,17,NW,North West,417,0,0.0,0,0,0,0,0.0,1
2026-04-20,2026-04-26,2026,17,SCO,Scotland,283,0,0.0,0,0,0,0,0.0,1
2026-04-20,2026-04-26,2026,17,SE,South East,553,0,0.0,0,0,0,0,0.0,1
2026-04-20,2026-04-26,2026,17,SW,South West,251,0,0.0,0,0,0,0,0.0,1
2026-04-20,2026-04-26,2026,17,WAL,Wales,211,0,0.0,0,0,0,0,0.0,1
2026-04-20,2026-04-26,2026,17,YRK,Yorkshire,367,0,0.0,0,0,0,0,0.0,1
2026-04-27,2026-05-03,2026,18,MID,Midlands,517,0,0.0,0,0,0,0,0.0,1
2026-04-27,2026-05-03,2026,18,NE,North East,306,0,0.0,0,0,0,0,0.0,1
2026-04-27,2026-05-03,2026,18,NW,North West,416,0,0.0,0,0,0,0,0.0,1
2026-04-27,2026-05-03,2026,18,SCO,Scotland,283,0,0.0,0,0,0,0,0.0,1
2026-04-27,2026-05-03,2026,18,SE,South East,538,0,0.0,0,0,0,0,0.0,1
2026-04-27,2026-05-03,2026,18,SW,South West,263,0,0.0,0,0,0,0,0.0,1
2026-04-27,2026-05-03,2026,18,WAL,Wales,206,0,0.0,0,0,0,0,0.0,1
2026-04-27,2026-05-03,2026,18,YRK,Yorkshire,376,0,0.0,0,0,0,0,0.0,1
2026-05-04,2026-05-10,2026,19,MID,Midlands,523,0,0.0,0,0,0,0,0.0,1
2026-05-04,2026-05-10,2026,19,NE,North East,307,0,0.0,0,0,0,0,0.0,1
2026-05-04,2026-05-10,2026,19,NW,North West,431,0,0.0,0,0,0,0,0.0,1
2026-05-04,2026-05-10,2026,19,SCO,Scotland,279,0,0.0,0,0,0,0,0.0,1
2026-05-04,2026-05-10,2026,19,SE,South East,552,0,0.0,0,0,0,0,0.0,1
2026-05-04,2026-05-10,2026,19,SW,South West,263,0,0.0,0,0,0,0,0.0,1
2026-05-04,2026-05-10,2026,19,WAL,Wales,213,0,0.0,0,0,0,0,0.0,1
2026-05-04,2026-05-10,2026,19,YRK,Yorkshire,373,0,0.0,0,0,0,0,0.0,1
2026-05-11,2026-05-17,2026,20,MID,Midlands,526,0,0.0,0,0,0,0,0.0,1
2026-05-11,2026-05-17,2026,20,NE,North East,330,0,0.0,0,0,0,0,0.0,1
2026-05-11,2026-05-17,2026,20,NW,North West,419,0,0.0,0,0,0,0,0.0,1
2026-05-11,2026-05-17,2026,20,SCO,Scotland,285,0,0.0,0,0,0,0,0.0,1
2026-05-11,2026-05-17,2026,20,SE,South East,567,0,0.0,0,0,0,0,0.0,1
2026-05-11,2026-05-17,2026,20,SW,South West,256,0,0.0,0,0,0,0,0.0,1
2026-05-11,2026-05-17,2026,20,WAL,Wales,214,0,0.0,0,0,0,0,0.0,1
2026-05-11,2026-05-17,2026,20,YRK,Yorkshire,372,0,0.0,0,0,0,0,0.0,1
2026-05-18,2026-05-24,2026,21,MID,Midlands,534,0,0.0,0,0,0,0,0.0,1
2026-05-18,2026-05-24,2026,21,NE,North East,327,0,0.0,0,0,0,0,0.0,1
2026-05-18,2026-05-24,2026,21,NW,North West,396,0,0.0,0,0,0,0,0.0,1
2026-05-18,2026-05-24,2026,21,SCO,Scotland,297,0,0.0,0,0,0,0,0.0,1
2026-05-18,2026-05-24,2026,21,SE,South East,631,0,0.0,0,0,0,0,0.0,1
2026-05-18,2026-05-24,2026,21,SW,South West,274,0,0.0,0,0,0,0,0.0,1
2026-05-18,2026-05-24,2026,21,WAL,Wales,225,0,0.0,0,0,0,0,0.0,1
2026-05-18,2026-05-24,2026,21,YRK,Yorkshire,389,0,0.0,0,0,0,0,0.0,1
2026-05-25,2026-05-31,2026,22,MID,Midlands,541,0,0.0,0,0,0,0,0.0,1
2026-05-25,2026-05-31,2026,22,NE,North East,319,0,0.0,0,0,0,0,0.0,1
2026-05-25,2026-05-31,2026,22,NW,North West,461,0,0.0,0,0,0,0,0.0,1
2026-05-25,2026-05-31,2026,22,SCO,Scotland,285,0,0.0,0,0,0,0,0.0,1
2026-05-25,2026-05-31,2026,22,SE,South East,601,0,0.0,0,0,0,0,0.0,1
2026-05-25,2026-05-31,2026,22,SW,South West,285,0,0.0,0,0,0,0,0.0,1
2026-05-25,2026-05-31,2026,22,WAL,Wales,231,0,0.0,0,0,0,0,0.0,1
2026-05-25,2026-05-31,2026,22,YRK,Yorkshire,387,0,0.0,0,0,0,0,0.0,1
2026-06-01,2026-06-07,2026,23,MID,Midlands,550,0,0.0,0,0,0,0,0.0,1
2026-06-01,2026-06-07,2026,23,NE,North East,339,0,0.0,0,0,0,0,0.0,1
2026-06-01,2026-06-07,2026,23,NW,North West,446,0,0.0,0,0,0,0,0.0,1
2026-06-01,2026-06-07,2026,23,SCO,Scotland,295,0,0.0,0,0,0,0,0.0,1
2026-06-01,2026-06-07,2026,23,SE,South East,628,0,0.0,0,0,0,0,0.0,1
2026-06-01,2026-06-07,2026,23,SW,South West,277,0,0.0,0,0,0,0,0.0,1
2026-06-01,2026-06-07,2026,23,WAL,Wales,234,0,0.0,0,0,0,0,0.0,1
2026-06-01,2026-06-07,2026,23,YRK,Yorkshire,406,0,0.0,0,0,0,0,0.0,1
2026-06-08,2026-06-14,2026,24,MID,Midlands,571,0,0.0,0,0,0,0,0.0,1
2026-06-08,2026-06-14,2026,24,NE,North East,320,0,0.0,0,0,0,0,0.0,1
2026-06-08,2026-06-14,2026,24,NW,North West,459,0,0.0,0,0,0,0,0.0,1
2026-06-08,2026-06-14,2026,24,SCO,Scotland,325,0,0.0,0,0,0,0,0.0,1
2026-06-08,2026-06-14,2026,24,SE,South East,639,0,0.0,0,0,0,0,0.0,1
2026-06-08,2026-06-14,2026,24,SW,South West,298,0,0.0,0,0,0,0,0.0,1
2026-06-08,2026-06-14,2026,24,WAL,Wales,237,0,0.0,0,0,0,0,0.0,1
2026-06-08,2026-06-14,2026,24,YRK,Yorkshire,427,0,0.0,0,0,0,0,0.0,1
2026-06-15,2026-06-21,2026,25,MID,Midlands,554,0,0.0,0,0,0,0,0.0,1
2026-06-15,2026-06-21,2026,25,NE,North East,348,0,0.0,0,0,0,0,0.0,1
2026-06-15,2026-06-21,2026,25,NW,North West,469,0,0.0,0,0,0,0,0.0,1
2026-06-15,2026-06-21,2026,25,SCO,Scotland,336,0,0.0,0,0,0,0,0.0,1
2026-06-15,2026-06-21,2026,25,SE,South East,629,0,0.0,0,0,0,0,0.0,1
2026-06-15,2026-06-21,2026,25,SW,South West,293,0,0.0,0,0,0,0,0.0,1
2026-06-15,2026-06-21,2026,25,WAL,Wales,241,0,0.0,0,0,0,0,0.0,1
2026-06-15,2026-06-21,2026,25,YRK,Yorkshire,417,0,0.0,0,0,0,0,0.0,1
2026-06-22,2026-06-28,2026,26,MID,Midlands,596,0,0.0,0,0,0,0,0.0,1
2026-06-22,2026-06-28,2026,26,NE,North East,363,0,0.0,0,0,0,0,0.0,1
2026-06-22,2026-06-28,2026,26,NW,North West,476,0,0.0,0,0,0,0,0.0,1
2026-06-22,2026-06-28,2026,26,SCO,Scotland,334,0,0.0,0,0,0,0,0.0,1
2026-06-22,2026-06-28,2026,26,SE,South East,685,0,0.0,0,0,0,0,0.0,1
2026-06-22,2026-06-28,2026,26,SW,South West,315,0,0.0,0,0,0,0,0.0,1
2026-06-22,2026-06-28,2026,26,WAL,Wales,264,0,0.0,0,0,0,0,0.0,1
2026-06-22,2026-06-28,2026,26,YRK,Yorkshire,425,0,0.0,0,0,0,0,0.0,1
2026-06-29,2026-07-05,2026,27,MID,Midlands,606,0,0.0,0,0,0,0,0.0,1
2026-06-29,2026-07-05,2026,27,NE,North East,379,0,0.0,0,0,0,0,0.0,1
2026-06-29,2026-07-05,2026,27,NW,North West,457,0,0.0,0,0,0,0,0.0,1
2026-06-29,2026-07-05,2026,27,SCO,Scotland,335,0,0.0,0,0,0,0,0.0,1
2026-06-29,2026-07-05,2026,27,SE,South East,655,0,0.0,0,0,0,0,0.0,1
2026-06-29,2026-07-05,2026,27,SW,South West,334,0,0.0,0,0,0,0,0.0,1
2026-06-29,2026-07-05,2026,27,WAL,Wales,257,0,0.0,0,0,0,0,0.0,1
2026-06-29,2026-07-05,2026,27,YRK,Yorkshire,440,0,0.0,0,0,0,0,0.0,1
2026-07-06,2026-07-12,2026,28,MID,Midlands,617,0,0.0,0,0,0,0,0.0,1
2026-07-06,2026-07-12,2026,28,NE,North East,373,0,0.0,0,0,0,0,0.0,1
2026-07-06,2026-07-12,2026,28,NW,North West,531,0,0.0,0,0,0,0,0.0,1
2026-07-06,2026-07-12,2026,28,SCO,Scotland,334,0,0.0,0,0,0,0,0.0,1
2026-07-06,2026-07-12,2026,28,SE,South East,722,0,0.0,0,0,0,0,0.0,1
2026-07-06,2026-07-12,2026,28,SW,South West,316,0,0.0,0,0,0,0,0.0,1
2026-07-06,2026-07-12,2026,28,WAL,Wales,262,0,0.0,0,0,0,0,0.0,1
2026-07-06,2026-07-12,2026,28,YRK,Yorkshire,457,0,0.0,0,0,0,0,0.0,1
2026-07-13,2026-07-19,2026,29,MID,Midlands,648,0,0.0,0,0,0,0,0.0,1
2026-07-13,2026-07-19,2026,29,NE,North East,386,0,0.0,0,0,0,0,0.0,1
2026-07-13,2026-07-19,2026,29,NW,North West,530,0,0.0,0,0,0,0,0.0,1
2026-07-13,2026-07-19,2026,29,SCO,Scotland,378,0,0.0,0,0,0,0,0.0,1
2026-07-13,2026-07-19,2026,29,SE,South East,737,0,0.0,0,0,0,0,0.0,1
2026-07-13,2026-07-19,2026,29,SW,South West,336,0,0.0,0,0,0,0,0.0,1
2026-07-13,2026-07-19,2026,29,WAL,Wales,277,0,0.0,0,0,0,0,0.0,1
2026-07-13,2026-07-19,2026,29,YRK,Yorkshire,469,0,0.0,0,0,0,0,0.0,1
2026-07-20,2026-07-26,2026,30,MID,Midlands,653,0,0.0,0,0,0,0,0.0,1
2026-07-20,2026-07-26,2026,30,NE,North East,388,0,0.0,0,0,0,0,0.0,1
2026-07-20,2026-07-26,2026,30,NW,North West,535,0,0.0,0,0,0,0,0.0,1
2026-07-20,2026-07-26,2026,30,SCO,Scotland,399,0,0.0,0,0,0,0,0.0,1
2026-07-20,2026-07-26,2026,30,SE,South East,745,0,0.0,0,0,0,0,0.0,1
2026-07-20,2026-07-26,2026,30,SW,South West,338,0,0.0,0,0,0,0,0.0,1
2026-07-20,2026-07-26,2026,30,WAL,Wales,289,0,0.0,0,0,0,0,0.0,1
2026-07-20,2026-07-26,2026,30,YRK,Yorkshire,465,0,0.0,0,0,0,0,0.0,1
2026-07-27,2026-08-02,2026,31,MID,Midlands,643,0,0.0,0,0,0,0,0.0,1
2026-07-27,2026-08-02,2026,31,NE,North East,395,0,0.0,0,0,0,0,0.0,1
2026-07-27,2026-08-02,2026,31,NW,North West,561,0,0.0,0,0,0,0,0.0,1
2026-07-27,2026-08-02,2026,31,SCO,Scotland,399,0,0.0,0,0,0,0,0.0,1
2026-07-27,2026-08-02,2026,31,SE,South East,730,0,0.0,0,0,0,0,0.0,1
2026-07-27,2026-08-02,2026,31,SW,South West,349,0,0.0,0,0,0,0,0.0,1
2026-07-27,2026-08-02,2026,31,WAL,Wales,280,0,0.0,0,0,0,0,0.0,1
2026-07-27,2026-08-02,2026,31,YRK,Yorkshire,497,0,0.0,0,0,0,0,0.0,1
2026-08-03,2026-08-09,2026,32,MID,Midlands,694,0,0.0,0,0,0,0,0.0,1
2026-08-03,2026-08-09,2026,32,NE,North East,381,0,0.0,0,0,0,0,0.0,1
2026-08-03,2026-08-09,2026,32,NW,North West,568,0,0.0,0,0,0,0,0.0,1
2026-08-03,2026-08-09,2026,32,SCO,Scotland,386,0,0.0,0,0,0,0,0.0,1
2026-08-03,2026-08-09,2026,32,SE,South East,776,0,0.0,0,0,0,0,0.0,1
2026-08-03,2026-08-09,2026,32,SW,South West,359,0,0.0,0,0,0,0,0.0,1
2026-08-03,2026-08-09,2026,32,WAL,Wales,292,0,0.0,0,0,0,0,0.0,1
2026-08-03,2026-08-09,2026,32,YRK,Yorkshire,491,0,0.0,0,0,0,0,0.0,1
2026-08-10,2026-08-16,2026,33,MID,Midlands,703,0,0.0,0,0,0,0,0.0,1
2026-08-10,2026-08-16,2026,33,NE,North East,412,0,0.0,0,0,0,0,0.0,1
2026-08-10,2026-08-16,2026,33,NW,North West,611,0,0.0,0,0,0,0,0.0,1
2026-08-10,2026-08-16,2026,33,SCO,Scotland,358,0,0.0,0,0,0,0,0.0,1
2026-08-10,2026-08-16,2026,33,SE,South East,753,0,0.0,0,0,0,0,0.0,1
2026-08-10,2026-08-16,2026,33,SW,South West,346,0,0.0,0,0,0,0,0.0,1
2026-08-10,2026-08-16,2026,33,WAL,Wales,299,0,0.0,0,0,0,0,0.0,1
2026-08-10,2026-08-16,2026,33,YRK,Yorkshire,529,0,0.0,0,0,0,0,0.0,1
2026-08-17,2026-08-23,2026,34,MID,Midlands,667,0,0.0,0,0,0,0,0.0,1
2026-08-17,2026-08-23,2026,34,NE,North East,443,0,0.0,0,0,0,0,0.0,1
2026-08-17,2026-08-23,2026,34,NW,North West,569,0,0.0,0,0,0,0,0.0,1
2026-08-17,2026-08-23,2026,34,SCO,Scotland,415,0,0.0,0,0,0,0,0.0,1
2026-08-17,2026-08-23,2026,34,SE,South East,773,0,0.0,0,0,0,0,0.0,1
2026-08-17,2026-08-23,2026,34,SW,South West,383,0,0.0,0,0,0,0,0.0,1
2026-08-17,2026-08-23,2026,34,WAL,Wales,298,0,0.0,0,0,0,0,0.0,1
2026-08-17,2026-08-23,2026,34,YRK,Yorkshire,525,0,0.0,0,0,0,0,0.0,1
2026-08-24,2026-08-30,2026,35,MID,Midlands,714,0,0.0,0,0,0,0,0.0,1
2026-08-24,2026-08-30,2026,35,NE,North East,431,0,0.0,0,0,0,0,0.0,1
2026-08-24,2026-08-30,2026,35,NW,North West,557,0,0.0,0,0,0,0,0.0,1
2026-08-24,2026-08-30,2026,35,SCO,Scotland,397,0,0.0,0,0,0,0,0.0,1
2026-08-24,2026-08-30,2026,35,SE,South East,812,0,0.0,0,0,0,0,0.0,1
2026-08-24,2026-08-30,2026,35,SW,South West,372,0,0.0,0,0,0,0,0.0,1
2026-08-24,2026-08-30,2026,35,WAL,Wales,308,0,0.0,0,0,0,0,0.0,1
2026-08-24,2026-08-30,2026,35,YRK,Yorkshire,511,0,0.0,0,0,0,0,0.0,1
2026-08-31,2026-09-06,2026,36,MID,Midlands,698,0,0.0,0,0,0,0,0.0,1
2026-08-31,2026-09-06,2026,36,NE,North East,441,0,0.0,0,0,0,0,0.0,1
2026-08-31,2026-09-06,2026,36,NW,North West,598,0,0.0,0,0,0,0,0.0,1
2026-08-31,2026-09-06,2026,36,SCO,Scotland,410,0,0.0,0,0,0,0,0.0,1
2026-08-31,2026-09-06,2026,36,SE,South East,859,0,0.0,0,0,0,0,0.0,1
2026-08-31,2026-09-06,2026,36,SW,South West,385,0,0.0,0,0,0,0,0.0,1
2026-08-31,2026-09-06,2026,36,WAL,Wales,316,0,0.0,0,0,0,0,0.0,1
2026-08-31,2026-09-06,2026,36,YRK,Yorkshire,554,0,0.0,0,0,0,0,0.0,1
2026-09-07,2026-09-13,2026,37,MID,Midlands,709,0,0.0,0,0,0,0,0.0,1
2026-09-07,2026-09-13,2026,37,NE,North East,449,0,0.0,0,0,0,0,0.0,1
2026-09-07,2026-09-13,2026,37,NW,North West,619,0,0.0,0,0,0,0,0.0,1
2026-09-07,2026-09-13,2026,37,SCO,Scotland,412,0,0.0,0,0,0,0,0.0,1
2026-09-07,2026-09-13,2026,37,SE,South East,781,0,0.0,0,0,0,0,0.0,1
2026-09-07,2026-09-13,2026,37,SW,South West,371,0,0.0,0,0,0,0,0.0,1
2026-09-07,2026-09-13,2026,37,WAL,Wales,303,0,0.0,0,0,0,0,0.0,1
2026-09-07,2026-09-13,2026,37,YRK,Yorkshire,532,0,0.0,0,0,0,0,0.0,1
2026-09-14,2026-09-20,2026,38,MID,Midlands,712,0,0.0,0,0,0,0,0.0,1
2026-09-14,2026-09-20,2026,38,NE,North East,430,0,0.0,0,0,0,0,0.0,1
2026-09-14,2026-09-20,2026,38,NW,North West,578,0,0.0,0,0,0,0,0.0,1
2026-09-14,2026-09-20,2026,38,SCO,Scotland,391,0,0.0,0,0,0,0,0.0,1
2026-09-14,2026-09-20,2026,38,SE,South East,811,0,0.0,0,0,0,0,0.0,1
2026-09-14,2026-09-20,2026,38,SW,South West,391,0,0.0,0,0,0,0,0.0,1
2026-09-14,2026-09-20,2026,38,WAL,Wales,333,0,0.0,0,0,0,0,0.0,1
2026-09-14,2026-09-20,2026,38,YRK,Yorkshire,549,0,0.0,0,0,0,0,0.0,1
2026-09-21,2026-09-27,2026,39,MID,Midlands,784,0,0.0,0,0,0,0,0.0,1
2026-09-21,2026-09-27,2026,39,NE,North East,443,0,0.0,0,0,0,0,0.0,1
2026-09-21,2026-09-27,2026,39,NW,North West,628,0,0.0,0,0,0,0,0.0,1
2026-09-21,2026-09-27,2026,39,SCO,Scotland,422,0,0.0,0,0,0,0,0.0,1
2026-09-21,2026-09-27,2026,39,SE,South East,836,0,0.0,0,0,0,0,0.0,1
2026-09-21,2026-09-27,2026,39,SW,South West,375,0,0.0,0,0,0,0,0.0,1
2026-09-21,2026-09-27,2026,39,WAL,Wales,316,0,0.0,0,0,0,0,0.0,1
2026-09-21,2026-09-27,2026,39,YRK,Yorkshire,568,0,0.0,0,0,0,0,0.0,1
2026-09-28,2026-10-04,2026,40,MID,Midlands,756,0,0.0,0,0,0,0,0.0,1
2026-09-28,2026-10-04,2026,40,NE,North East,451,0,0.0,0,0,0,0,0.0,1
2026-09-28,2026-10-04,2026,40,NW,North West,609,0,0.0,0,0,0,0,0.0,1
2026-09-28,2026-10-04,2026,40,SCO,Scotland,419,0,0.0,0,0,0,0,0.0,1
2026-09-28,2026-10-04,2026,40,SE,South East,908,0,0.0,0,0,0,0,0.0,1
2026-09-28,2026-10-04,2026,40,SW,South West,379,0,0.0,0,0,0,0,0.0,1
2026-09-28,2026-10-04,2026,40,WAL,Wales,313,0,0.0,0,0,0,0,0.0,1
2026-09-28,2026-10-04,2026,40,YRK,Yorkshire,560,0,0.0,0,0,0,0,0.0,1
2026-10-05,2026-10-11,2026,41,MID,Midlands,755,0,0.0,0,0,0,0,0.0,1
2026-10-05,2026-10-11,2026,41,NE,North East,451,0,0.0,0,0,0,0,0.0,1
2026-10-05,2026-10-11,2026,41,NW,North West,619,0,0.0,0,0,0,0,0.0,1
2026-10-05,2026-10-11,2026,41,SCO,Scotland,394,0,0.0,0,0,0,0,0.0,1
2026-10-05,2026-10-11,2026,41,SE,South East,849,0,0.0,0,0,0,0,0.0,1
2026-10-05,2026-10-11,2026,41,SW,South West,389,0,0.0,0,0,0,0,0.0,1
2026-10-05,2026-10-11,2026,41,WAL,Wales,307,0,0.0,0,0,0,0,0.0,1
2026-10-05,2026-10-11,2026,41,YRK,Yorkshire,551,0,0.0,0,0,0,0,0.0,1
2026-10-12,2026-10-18,2026,42,MID,Midlands,767,0,0.0,0,0,0,0,0.0,1
2026-10-12,2026-10-18,2026,42,NE,North East,448,0,0.0,0,0,0,0,0.0,1
2026-10-12,2026-10-18,2026,42,NW,North West,592,0,0.0,0,0,0,0,0.0,1
2026-10-12,2026-10-18,2026,42,SCO,Scotland,405,0,0.0,0,0,0,0,0.0,1
2026-10-12,2026-10-18,2026,42,SE,South East,869,0,0.0,0,0,0,0,0.0,1
2026-10-12,2026-10-18,2026,42,SW,South West,402,0,0.0,0,0,0,0,0.0,1
2026-10-12,2026-10-18,2026,42,WAL,Wales,294,0,0.0,0,0,0,0,0.0,1
2026-10-12,2026-10-18,2026,42,YRK,Yorkshire,531,0,0.0,0,0,0,0,0.0,1
2026-10-19,2026-10-25,2026,43,MID,Midlands,716,0,0.0,0,0,0,0,0.0,1
2026-10-19,2026-10-25,2026,43,NE,North East,461,0,0.0,0,0,0,0,0.0,1
2026-10-19,2026-10-25,2026,43,NW,North West,615,0,0.0,0,0,0,0,0.0,1
2026-10-19,2026-10-25,2026,43,SCO,Scotland,429,0,0.0,0,0,0,0,0.0,1
2026-10-19,2026-10-25,2026,43,SE,South East,859,0,0.0,0,0,0,0,0.0,1
2026-10-19,2026-10-25,2026,43,SW,South West,372,0,0.0,0,0,0,0,0.0,1
2026-10-19,2026-10-25,2026,43,WAL,Wales,297,0,0.0,0,0,0,0,0.0,1
2026-10-19,2026-10-25,2026,43,YRK,Yorkshire,538,0,0.0,0,0,0,0,0.0,1
2026-10-26,2026-11-01,2026,44,MID,Midlands,723,0,0.0,0,0,0,0,0.0,1
2026-10-26,2026-11-01,2026,44,NE,North East,458,0,0.0,0,0,0,0,0.0,1
2026-10-26,2026-11-01,2026,44,NW,North West,595,0,0.0,0,0,0,0,0.0,1
2026-10-26,2026-11-01,2026,44,SCO,Scotland,406,0,0.0,0,0,0,0,0.0,1
2026-10-26,2026-11-01,2026,44,SE,South East,842,0,0.0,0,0,0,0,0.0,1
2026-10-26,2026-11-01,2026,44,SW,South West,377,0,0.0,0,0,0,0,0.0,1
2026-10-26,2026-11-01,2026,44,WAL,Wales,305,0,0.0,0,0,0,0,0.0,1
2026-10-26,2026-11-01,2026,44,YRK,Yorkshire,552,0,0.0,0,0,0,0,0.0,1
2026-11-02,2026-11-08,2026,45,MID,Midlands,675,0,0.0,0,0,0,0,0.0,1
2026-11-02,2026-11-08,2026,45,NE,North East,463,0,0.0,0,0,0,0,0.0,1
2026-11-02,2026-11-08,2026,45,NW,North West,598,0,0.0,0,0,0,0,0.0,1
2026-11-02,2026-11-08,2026,45,SCO,Scotland,422,0,0.0,0,0,0,0,0.0,1
2026-11-02,2026-11-08,2026,45,SE,South East,827,0,0.0,0,0,0,0,0.0,1
2026-11-02,2026-11-08,2026,45,SW,South West,388,0,0.0,0,0,0,0,0.0,1
2026-11-02,2026-11-08,2026,45,WAL,Wales,323,0,0.0,0,0,0,0,0.0,1
2026-11-02,2026-11-08,2026,45,YRK,Yorkshire,562,0,0.0,0,0,0,0,0.0,1
2026-11-09,2026-11-15,2026,46,MID,Midlands,714,0,0.0,0,0,0,0,0.0,1
2026-11-09,2026-11-15,2026,46,NE,North East,418,0,0.0,0,0,0,0,0.0,1
2026-11-09,2026-11-15,2026,46,NW,North West,625,0,0.0,0,0,0,0,0.0,1
2026-11-09,2026-11-15,2026,46,SCO,Scotland,425,0,0.0,0,0,0,0,0.0,1
2026-11-09,2026-11-15,2026,46,SE,South East,779,0,0.0,0,0,0,0,0.0,1
2026-11-09,2026-11-15,2026,46,SW,South West,371,0,0.0,0,0,0,0,0.0,1
2026-11-09,2026-11-15,2026,46,WAL,Wales,301,0,0.0,0,0,0,0,0.0,1
2026-11-09,2026-11-15,2026,46,YRK,Yorkshire,495,0,0.0,0,0,0,0,0.0,1
2026-11-16,2026-11-22,2026,47,MID,Midlands,709,0,0.0,0,0,0,0,0.0,1
2026-11-16,2026-11-22,2026,47,NE,North East,426,0,0.0,0,0,0,0,0.0,1
2026-11-16,2026-11-22,2026,47,NW,North West,592,0,0.0,0,0,0,0,0.0,1
2026-11-16,2026-11-22,2026,47,SCO,Scotland,409,0,0.0,0,0,0,0,0.0,1
2026-11-16,2026-11-22,2026,47,SE,South East,825,0,0.0,0,0,0,0,0.0,1
2026-11-16,2026-11-22,2026,47,SW,South West,388,0,0.0,0,0,0,0,0.0,1
2026-11-16,2026-11-22,2026,47,WAL,Wales,294,0,0.0,0,0,0,0,0.0,1
2026-11-16,2026-11-22,2026,47,YRK,Yorkshire,538,0,0.0,0,0,0,0,0.0,1
2026-11-23,2026-11-29,2026,48,MID,Midlands,727,0,0.0,0,0,0,0,0.0,1
2026-11-23,2026-11-29,2026,48,NE,North East,403,0,0.0,0,0,0,0,0.0,1
2026-11-23,2026-11-29,2026,48,NW,North West,568,0,0.0,0,0,0,0,0.0,1
2026-11-23,2026-11-29,2026,48,SCO,Scotland,422,0,0.0,0,0,0,0,0.0,1
2026-11-23,2026-11-29,2026,48,SE,South East,788,0,0.0,0,0,0,0,0.0,1
2026-11-23,2026-11-29,2026,48,SW,South West,393,0,0.0,0,0,0,0,0.0,1
2026-11-23,2026-11-29,2026,48,WAL,Wales,297,0,0.0,0,0,0,0,0.0,1
2026-11-23,2026-11-29,2026,48,YRK,Yorkshire,548,0,0.0,0,0,0,0,0.0,1
2026-11-30,2026-12-06,2026,49,MID,Midlands,673,0,0.0,0,0,0,0,0.0,1
2026-11-30,2026-12-06,2026,49,NE,North East,422,0,0.0,0,0,0,0,0.0,1
2026-11-30,2026-12-06,2026,49,NW,North West,575,0,0.0,0,0,0,0,0.0,1
2026-11-30,2026-12-06,2026,49,SCO,Scotland,385,0,0.0,0,0,0,0,0.0,1
2026-11-30,2026-12-06,2026,49,SE,South East,765,0,0.0,0,0,0,0,0.0,1
2026-11-30,2026-12-06,2026,49,SW,South West,351,0,0.0,0,0,0,0,0.0,1
2026-11-30,2026-12-06,2026,49,WAL,Wales,298,0,0.0,0,0,0,0,0.0,1
2026-11-30,2026-12-06,2026,49,YRK,Yorkshire,492,0,0.0,0,0,0,0,0.0,1
2026-12-07,2026-12-13,2026,50,MID,Midlands,673,0,0.0,0,0,0,0,0.0,1
2026-12-07,2026-12-13,2026,50,NE,North East,405,0,0.0,0,0,0,0,0.0,1
2026-12-07,2026-12-13,2026,50,NW,North West,550,0,0.0,0,0,0,0,0.0,1
2026-12-07,2026-12-13,2026,50,SCO,Scotland,372,0,0.0,0,0,0,0,0.0,1
2026-12-07,2026-12-13,2026,50,SE,South East,751,0,0.0,0,0,0,0,0.0,1
2026-12-07,2026-12-13,2026,50,SW,South West,365,0,0.0,0,0,0,0,0.0,1
2026-12-07,2026-12-13,2026,50,WAL,Wales,283,0,0.0,0,0,0,0,0.0,1
2026-12-07,2026-12-13,2026,50,YRK,Yorkshire,500,0,0.0,0,0,0,0,0.0,1
2026-12-14,2026-12-20,2026,51,MID,Midlands,692,0,0.0,0,0,0,0,0.0,1
2026-12-14,2026-12-20,2026,51,NE,North East,388,0,0.0,0,0,0,0,0.0,1
2026-12-14,2026-12-20,2026,51,NW,North West,563,0,0.0,0,0,0,0,0.0,1
2026-12-14,2026-12-20,2026,51,SCO,Scotland,356,0,0.0,0,0,0,0,0.0,1
2026-12-14,2026-12-20,2026,51,SE,South East,752,0,0.0,0,0,0,0,0.0,1
2026-12-14,2026-12-20,2026,51,SW,South West,368,0,0.0,0,0,0,0,0.0,1
2026-12-14,2026-12-20,2026,51,WAL,Wales,279,0,0.0,0,0,0,0,0.0,1
2026-12-14,2026-12-20,2026,51,YRK,Yorkshire,466,0,0.0,0,0,0,0,0.0,1
2026-12-21,2026-12-27,2026,52,MID,Midlands,644,0,0.0,0,0,0,0,0.0,1
2026-12-21,2026-12-27,2026,52,NE,North East,376,0,0.0,0,0,0,0,0.0,1
2026-12-21,2026-12-27,2026,52,NW,North West,504,0,0.0,0,0,0,0,0.0,1
2026-12-21,2026-12-27,2026,52,SCO,Scotland,368,0,0.0,0,0,0,0,0.0,1
2026-12-21,2026-12-27,2026,52,SE,South East,776,0,0.0,0,0,0,0,0.0,1
2026-12-21,2026-12-27,2026,52,SW,South West,328,0,0.0,0,0,0,0,0.0,1
2026-12-21,2026-12-27,2026,52,WAL,Wales,267,0,0.0,0,0,0,0,0.0,1
2026-12-21,2026-12-27,2026,52,YRK,Yorkshire,474,0,0.0,0,0,0,0,0.0,1
2026-12-28,2027-01-03,2026,53,MID,Midlands,442,0,0.0,0,0,0,0,0.0,1
2026-12-28,2027-01-03,2026,53,NE,North East,260,0,0.0,0,0,0,0,0.0,1
2026-12-28,2027-01-03,2026,53,NW,North West,376,0,0.0,0,0,0,0,0.0,1
2026-12-28,2027-01-03,2026,53,SCO,Scotland,271,0,0.0,0,0,0,0,0.0,1
2026-12-28,2027-01-03,2026,53,SE,South East,537,0,0.0,0,0,0,0,0.0,1
2026-12-28,2027-01-03,2026,53,SW,South West,239,0,0.0,0,0,0,0,0.0,1
2026-12-28,2027-01-03,2026,53,WAL,Wales,191,0,0.0,0,0,0,0,0.0,1
2026-12-28,2027-01-03,2026,53,YRK,Yorkshire,339,0,0.0,0,0,0,0,0.0,1
