year,month,month_name,quarter,region_code,region_name,job_type,total_requests,completions,cancellations,aborts,revenue_gbp,direct_cost_gbp,overhead_gbp,total_cost_gbp,margin_gbp,margin_pct,cost_per_completion,is_forecast
2025,1,January,Q1,MID,Midlands,EXCHANGE,1088,744,153,85,122760.0,64238.0,14132.36,78370.36,44389.64,36.16,105.34,0
2025,1,January,Q1,MID,Midlands,NEW_INSTALL,959,653,125,87,120805.0,65341.0,14375.02,79716.02,41088.98,34.01,122.08,0
2025,1,January,Q1,MID,Midlands,REMOVAL,193,124,28,13,11160.0,6446.0,1418.12,7864.12,3295.88,29.53,63.42,0
2025,1,January,Q1,MID,Midlands,REPAIR,492,329,70,46,39480.0,23133.0,5089.26,28222.26,11257.74,28.52,85.78,0
2025,1,January,Q1,NE,North East,EXCHANGE,669,467,94,54,77055.0,40346.0,8876.12,49222.12,27832.88,36.12,105.4,0
2025,1,January,Q1,NE,North East,NEW_INSTALL,561,372,82,49,68820.0,37202.0,8184.44,45386.44,23433.56,34.05,122.01,0
2025,1,January,Q1,NE,North East,REMOVAL,140,88,21,18,7920.0,4908.0,1079.76,5987.76,1932.24,24.4,68.04,0
2025,1,January,Q1,NE,North East,REPAIR,305,205,29,32,24600.0,14541.0,3199.02,17740.02,6859.98,27.89,86.54,0
2025,1,January,Q1,NW,North West,EXCHANGE,912,638,107,74,105270.0,55128.0,12128.16,67256.16,38013.84,36.11,105.42,0
2025,1,January,Q1,NW,North West,NEW_INSTALL,823,569,114,69,105265.0,56677.0,12468.94,69145.94,36119.06,34.31,121.52,0
2025,1,January,Q1,NW,North West,REMOVAL,124,85,14,8,7650.0,4384.0,964.48,5348.48,2301.52,30.09,62.92,0
2025,1,January,Q1,NW,North West,REPAIR,390,281,48,28,33720.0,19329.0,4252.38,23581.38,10138.62,30.07,83.92,0
2025,1,January,Q1,SCO,Scotland,EXCHANGE,640,439,95,59,72435.0,38240.0,8412.8,46652.8,25782.2,35.59,106.27,0
2025,1,January,Q1,SCO,Scotland,NEW_INSTALL,507,339,70,47,62715.0,33991.0,7478.02,41469.02,21245.98,33.88,122.33,0
2025,1,January,Q1,SCO,Scotland,REMOVAL,112,67,18,13,6030.0,3710.0,816.2,4526.2,1503.8,24.94,67.56,0
2025,1,January,Q1,SCO,Scotland,REPAIR,291,182,52,29,21840.0,12932.0,2845.04,15777.04,6062.96,27.76,86.69,0
2025,1,January,Q1,SE,South East,EXCHANGE,1227,847,174,91,139755.0,72912.0,16040.64,88952.64,50802.36,36.35,105.02,0
2025,1,January,Q1,SE,South East,NEW_INSTALL,1086,738,139,100,136530.0,73910.0,16260.2,90170.2,46359.8,33.96,122.18,0
2025,1,January,Q1,SE,South East,REMOVAL,198,128,35,16,11520.0,6752.0,1485.44,8237.44,3282.56,28.49,64.36,0
2025,1,January,Q1,SE,South East,REPAIR,571,369,99,49,44280.0,25847.0,5686.34,31533.34,12746.66,28.79,85.46,0
2025,1,January,Q1,SW,South West,EXCHANGE,598,427,70,39,70455.0,36496.0,8029.12,44525.12,25929.88,36.8,104.27,0
2025,1,January,Q1,SW,South West,NEW_INSTALL,518,358,73,40,66230.0,35530.0,7816.6,43346.6,22883.4,34.55,121.08,0
2025,1,January,Q1,SW,South West,REMOVAL,91,63,12,1,5670.0,3062.0,673.64,3735.64,1934.36,34.12,59.3,0
2025,1,January,Q1,SW,South West,REPAIR,218,149,28,15,17880.0,10255.0,2256.1,12511.1,5368.9,30.03,83.97,0
2025,1,January,Q1,WAL,Wales,EXCHANGE,443,307,76,29,50655.0,26276.0,5780.72,32056.72,18598.28,36.72,104.42,0
2025,1,January,Q1,WAL,Wales,NEW_INSTALL,405,262,65,42,48470.0,26486.0,5826.92,32312.92,16157.08,33.33,123.33,0
2025,1,January,Q1,WAL,Wales,REMOVAL,72,47,11,8,4230.0,2560.0,563.2,3123.2,1106.8,26.17,66.45,0
2025,1,January,Q1,WAL,Wales,REPAIR,228,142,40,26,17040.0,10218.0,2247.96,12465.96,4574.04,26.84,87.79,0
2025,1,January,Q1,YRK,Yorkshire,EXCHANGE,764,509,106,67,83985.0,44284.0,9742.48,54026.48,29958.52,35.67,106.14,0
2025,1,January,Q1,YRK,Yorkshire,NEW_INSTALL,741,506,92,54,93610.0,50122.0,11026.84,61148.84,32461.16,34.68,120.85,0
2025,1,January,Q1,YRK,Yorkshire,REMOVAL,134,91,17,12,8190.0,4824.0,1061.28,5885.28,2304.72,28.14,64.67,0
2025,1,January,Q1,YRK,Yorkshire,REPAIR,361,266,47,24,31920.0,18202.0,4004.44,22206.44,9713.56,30.43,83.48,0
2025,2,February,Q1,MID,Midlands,EXCHANGE,885,605,119,75,99825.0,52460.0,11541.2,64001.2,35823.8,35.89,105.79,0
2025,2,February,Q1,MID,Midlands,NEW_INSTALL,760,518,109,52,95830.0,51186.0,11260.92,62446.92,33383.08,34.84,120.55,0
2025,2,February,Q1,MID,Midlands,REMOVAL,152,103,15,17,9270.0,5590.0,1229.8,6819.8,2450.2,26.43,66.21,0
2025,2,February,Q1,MID,Midlands,REPAIR,394,252,59,34,30240.0,17672.0,3887.84,21559.84,8680.16,28.7,85.55,0
2025,2,February,Q1,NE,North East,EXCHANGE,535,367,78,46,60555.0,31842.0,7005.24,38847.24,21707.76,35.85,105.85,0
2025,2,February,Q1,NE,North East,NEW_INSTALL,465,312,68,35,57720.0,30970.0,6813.4,37783.4,19936.6,34.54,121.1,0
2025,2,February,Q1,NE,North East,REMOVAL,86,64,8,1,5760.0,3110.0,684.2,3794.2,1965.8,34.13,59.28,0
2025,2,February,Q1,NE,North East,REPAIR,234,156,35,21,18720.0,10938.0,2406.36,13344.36,5375.64,28.72,85.54,0
2025,2,February,Q1,NW,North West,EXCHANGE,746,502,107,61,82830.0,43482.0,9566.04,53048.04,29781.96,35.96,105.67,0
2025,2,February,Q1,NW,North West,NEW_INSTALL,589,400,81,50,74000.0,39900.0,8778.0,48678.0,25322.0,34.22,121.69,0
2025,2,February,Q1,NW,North West,REMOVAL,120,87,10,10,7830.0,4556.0,1002.32,5558.32,2271.68,29.01,63.89,0
2025,2,February,Q1,NW,North West,REPAIR,330,224,55,23,26880.0,15434.0,3395.48,18829.48,8050.52,29.95,84.06,0
2025,2,February,Q1,SCO,Scotland,EXCHANGE,464,314,61,41,51810.0,27306.0,6007.32,33313.32,18496.68,35.7,106.09,0
2025,2,February,Q1,SCO,Scotland,NEW_INSTALL,477,326,68,34,60310.0,32262.0,7097.64,39359.64,20950.36,34.74,120.74,0
2025,2,February,Q1,SCO,Scotland,REMOVAL,82,54,17,2,4860.0,2668.0,586.96,3254.96,1605.04,33.03,60.28,0
2025,2,February,Q1,SCO,Scotland,REPAIR,176,120,22,15,14400.0,8370.0,1841.4,10211.4,4188.6,29.09,85.09,0
2025,2,February,Q1,SE,South East,EXCHANGE,976,678,131,68,111870.0,58180.0,12799.6,70979.6,40890.4,36.55,104.69,0
2025,2,February,Q1,SE,South East,NEW_INSTALL,886,599,122,77,110815.0,59831.0,13162.82,72993.82,37821.18,34.13,121.86,0
2025,2,February,Q1,SE,South East,REMOVAL,175,127,20,12,11430.0,6552.0,1441.44,7993.44,3436.56,30.07,62.94,0
2025,2,February,Q1,SE,South East,REPAIR,433,304,51,30,36480.0,20900.0,4598.0,25498.0,10982.0,30.1,83.88,0
2025,2,February,Q1,SW,South West,EXCHANGE,449,314,67,27,51810.0,26774.0,5890.28,32664.28,19145.72,36.95,104.03,0
2025,2,February,Q1,SW,South West,NEW_INSTALL,416,268,65,39,49580.0,26942.0,5927.24,32869.24,16710.76,33.7,122.65,0
2025,2,February,Q1,SW,South West,REMOVAL,80,58,11,6,5220.0,3012.0,662.64,3674.64,1545.36,29.6,63.36,0
2025,2,February,Q1,SW,South West,REPAIR,183,130,25,9,15600.0,8792.0,1934.24,10726.24,4873.76,31.24,82.51,0
2025,2,February,Q1,WAL,Wales,EXCHANGE,379,244,64,33,40260.0,21262.0,4677.64,25939.64,14320.36,35.57,106.31,0
2025,2,February,Q1,WAL,Wales,NEW_INSTALL,349,247,46,21,45695.0,24263.0,5337.86,29600.86,16094.14,35.22,119.84,0
2025,2,February,Q1,WAL,Wales,REMOVAL,55,36,7,4,3240.0,1880.0,413.6,2293.6,946.4,29.21,63.71,0
2025,2,February,Q1,WAL,Wales,REPAIR,152,115,17,5,13800.0,7665.0,1686.3,9351.3,4448.7,32.24,81.32,0
2025,2,February,Q1,YRK,Yorkshire,EXCHANGE,615,441,71,46,72765.0,37910.0,8340.2,46250.2,26514.8,36.44,104.88,0
2025,2,February,Q1,YRK,Yorkshire,NEW_INSTALL,590,419,76,45,77515.0,41515.0,9133.3,50648.3,26866.7,34.66,120.88,0
2025,2,February,Q1,YRK,Yorkshire,REMOVAL,109,71,15,12,6390.0,3864.0,850.08,4714.08,1675.92,26.23,66.4,0
2025,2,February,Q1,YRK,Yorkshire,REPAIR,314,206,45,31,24720.0,14568.0,3204.96,17772.96,6947.04,28.1,86.28,0
2025,3,March,Q1,MID,Midlands,EXCHANGE,874,589,125,65,97185.0,50768.0,11168.96,61936.96,35248.04,36.27,105.16,0
2025,3,March,Q1,MID,Midlands,NEW_INSTALL,727,529,81,52,97865.0,52231.0,11490.82,63721.82,34143.18,34.89,120.46,0
2025,3,March,Q1,MID,Midlands,REMOVAL,154,108,21,13,9720.0,5678.0,1249.16,6927.16,2792.84,28.73,64.14,0
2025,3,March,Q1,MID,Midlands,REPAIR,361,243,56,25,29160.0,16745.0,3683.9,20428.9,8731.1,29.94,84.07,0
2025,3,March,Q1,NE,North East,EXCHANGE,506,342,72,40,56430.0,29564.0,6504.08,36068.08,20361.92,36.08,105.46,0
2025,3,March,Q1,NE,North East,NEW_INSTALL,475,317,72,40,58645.0,31635.0,6959.7,38594.7,20050.3,34.19,121.75,0
2025,3,March,Q1,NE,North East,REMOVAL,94,56,19,8,5040.0,2992.0,658.24,3650.24,1389.76,27.57,65.18,0
2025,3,March,Q1,NE,North East,REPAIR,243,161,34,19,19320.0,11187.0,2461.14,13648.14,5671.86,29.36,84.77,0
2025,3,March,Q1,NW,North West,EXCHANGE,723,496,100,54,81840.0,42724.0,9399.28,52123.28,29716.72,36.31,105.09,0
2025,3,March,Q1,NW,North West,NEW_INSTALL,630,423,87,42,78255.0,41781.0,9191.82,50972.82,27282.18,34.86,120.5,0
2025,3,March,Q1,NW,North West,REMOVAL,118,82,17,9,7380.0,4278.0,941.16,5219.16,2160.84,29.28,63.65,0
2025,3,March,Q1,NW,North West,REPAIR,312,222,52,16,26640.0,15038.0,3308.36,18346.36,8293.64,31.13,82.64,0
2025,3,March,Q1,SCO,Scotland,EXCHANGE,460,317,68,30,52305.0,27134.0,5969.48,33103.48,19201.52,36.71,104.43,0
2025,3,March,Q1,SCO,Scotland,NEW_INSTALL,435,293,55,45,54205.0,29545.0,6499.9,36044.9,18160.1,33.5,123.02,0
2025,3,March,Q1,SCO,Scotland,REMOVAL,103,73,10,5,6570.0,3694.0,812.68,4506.68,2063.32,31.41,61.74,0
2025,3,March,Q1,SCO,Scotland,REPAIR,201,136,31,14,16320.0,9372.0,2061.84,11433.84,4886.16,29.94,84.07,0
2025,3,March,Q1,SE,South East,EXCHANGE,1035,704,137,87,116160.0,61034.0,13427.48,74461.48,41698.52,35.9,105.77,0
2025,3,March,Q1,SE,South East,NEW_INSTALL,855,579,118,80,107115.0,58045.0,12769.9,70814.9,36300.1,33.89,122.31,0
2025,3,March,Q1,SE,South East,REMOVAL,172,116,24,14,10440.0,6100.0,1342.0,7442.0,2998.0,28.72,64.16,0
2025,3,March,Q1,SE,South East,REPAIR,433,307,58,40,36840.0,21475.0,4724.5,26199.5,10640.5,28.88,85.34,0
2025,3,March,Q1,SW,South West,EXCHANGE,464,305,74,31,50325.0,26188.0,5761.36,31949.36,18375.64,36.51,104.75,0
2025,3,March,Q1,SW,South West,NEW_INSTALL,393,263,58,38,48655.0,26429.0,5814.38,32243.38,16411.62,33.73,122.6,0
2025,3,March,Q1,SW,South West,REMOVAL,83,60,10,4,5400.0,3032.0,667.04,3699.04,1700.96,31.5,61.65,0
2025,3,March,Q1,SW,South West,REPAIR,205,129,36,19,15480.0,9107.0,2003.54,11110.54,4369.46,28.23,86.13,0
2025,3,March,Q1,WAL,Wales,EXCHANGE,363,225,53,35,37125.0,19780.0,4351.6,24131.6,12993.4,35.0,107.25,0
2025,3,March,Q1,WAL,Wales,NEW_INSTALL,312,202,46,35,37370.0,20520.0,4514.4,25034.4,12335.6,33.01,123.93,0
2025,3,March,Q1,WAL,Wales,REMOVAL,62,43,11,4,3870.0,2216.0,487.52,2703.52,1166.48,30.14,62.87,0
2025,3,March,Q1,WAL,Wales,REPAIR,167,122,23,6,14640.0,8158.0,1794.76,9952.76,4687.24,32.02,81.58,0
2025,3,March,Q1,YRK,Yorkshire,EXCHANGE,679,463,91,54,76395.0,40018.0,8803.96,48821.96,27573.04,36.09,105.45,0
2025,3,March,Q1,YRK,Yorkshire,NEW_INSTALL,548,382,62,49,70670.0,38152.0,8393.44,46545.44,24124.56,34.14,121.85,0
2025,3,March,Q1,YRK,Yorkshire,REMOVAL,116,73,16,10,6570.0,3884.0,854.48,4738.48,1831.52,27.88,64.91,0
2025,3,March,Q1,YRK,Yorkshire,REPAIR,292,203,38,26,24360.0,14183.0,3120.26,17303.26,7056.74,28.97,85.24,0
2025,4,April,Q2,MID,Midlands,EXCHANGE,902,631,128,61,104115.0,54060.0,11893.2,65953.2,38161.8,36.65,104.52,0
2025,4,April,Q2,MID,Midlands,NEW_INSTALL,752,525,107,46,97125.0,51623.0,11357.06,62980.06,34144.94,35.16,119.96,0
2025,4,April,Q2,MID,Midlands,REMOVAL,164,105,24,15,9450.0,5610.0,1234.2,6844.2,2605.8,27.57,65.18,0
2025,4,April,Q2,MID,Midlands,REPAIR,388,267,48,31,32040.0,18533.0,4077.26,22610.26,9429.74,29.43,84.68,0
2025,4,April,Q2,NE,North East,EXCHANGE,509,353,62,41,58245.0,30504.0,6710.88,37214.88,21030.12,36.11,105.42,0
2025,4,April,Q2,NE,North East,NEW_INSTALL,448,319,59,36,59015.0,31673.0,6968.06,38641.06,20373.94,34.52,121.13,0
2025,4,April,Q2,NE,North East,REMOVAL,101,76,12,6,6840.0,3876.0,852.72,4728.72,2111.28,30.87,62.22,0
2025,4,April,Q2,NE,North East,REPAIR,239,156,39,18,18720.0,10824.0,2381.28,13205.28,5514.72,29.46,84.65,0
2025,4,April,Q2,NW,North West,EXCHANGE,718,501,82,56,82665.0,43210.0,9506.2,52716.2,29948.8,36.23,105.22,0
2025,4,April,Q2,NW,North West,NEW_INSTALL,610,422,79,51,78070.0,42028.0,9246.16,51274.16,26795.84,34.32,121.5,0
2025,4,April,Q2,NW,North West,REMOVAL,131,96,13,10,8640.0,4988.0,1097.36,6085.36,2554.64,29.57,63.39,0
2025,4,April,Q2,NW,North West,REPAIR,324,224,54,18,26880.0,15244.0,3353.68,18597.68,8282.32,30.81,83.03,0
2025,4,April,Q2,SCO,Scotland,EXCHANGE,482,320,65,43,52800.0,27874.0,6132.28,34006.28,18793.72,35.59,106.27,0
2025,4,April,Q2,SCO,Scotland,NEW_INSTALL,443,299,65,41,55315.0,29963.0,6591.86,36554.86,18760.14,33.92,122.26,0
2025,4,April,Q2,SCO,Scotland,REMOVAL,87,59,12,9,5310.0,3174.0,698.28,3872.28,1437.72,27.08,65.63,0
2025,4,April,Q2,SCO,Scotland,REPAIR,223,151,33,18,18120.0,10499.0,2309.78,12808.78,5311.22,29.31,84.83,0
2025,4,April,Q2,SE,South East,EXCHANGE,1036,697,146,93,115005.0,60688.0,13351.36,74039.36,40965.64,35.62,106.23,0
2025,4,April,Q2,SE,South East,NEW_INSTALL,832,571,119,51,105635.0,56183.0,12360.26,68543.26,37091.74,35.11,120.04,0
2025,4,April,Q2,SE,South East,REMOVAL,168,114,25,12,10260.0,5928.0,1304.16,7232.16,3027.84,29.51,63.44,0
2025,4,April,Q2,SE,South East,REPAIR,463,311,62,41,37320.0,21773.0,4790.06,26563.06,10756.94,28.82,85.41,0
2025,4,April,Q2,SW,South West,EXCHANGE,451,286,59,50,47190.0,25352.0,5577.44,30929.44,16260.56,34.46,108.14,0
2025,4,April,Q2,SW,South West,NEW_INSTALL,396,273,55,25,50505.0,26885.0,5914.7,32799.7,17705.3,35.06,120.15,0
2025,4,April,Q2,SW,South West,REMOVAL,83,52,20,5,4680.0,2686.0,590.92,3276.92,1403.08,29.98,63.02,0
2025,4,April,Q2,SW,South West,REPAIR,207,144,24,18,17280.0,10044.0,2209.68,12253.68,5026.32,29.09,85.09,0
2025,4,April,Q2,WAL,Wales,EXCHANGE,366,225,68,34,37125.0,19742.0,4343.24,24085.24,13039.76,35.12,107.05,0
2025,4,April,Q2,WAL,Wales,NEW_INSTALL,322,220,43,30,40700.0,22040.0,4848.8,26888.8,13811.2,33.93,122.22,0
2025,4,April,Q2,WAL,Wales,REMOVAL,62,38,7,9,3420.0,2166.0,476.52,2642.52,777.48,22.73,69.54,0
2025,4,April,Q2,WAL,Wales,REPAIR,171,113,26,15,13560.0,7915.0,1741.3,9656.3,3903.7,28.79,85.45,0
2025,4,April,Q2,YRK,Yorkshire,EXCHANGE,647,432,79,64,71280.0,37856.0,8328.32,46184.32,25095.68,35.21,106.91,0
2025,4,April,Q2,YRK,Yorkshire,NEW_INSTALL,571,379,85,45,70115.0,37715.0,8297.3,46012.3,24102.7,34.38,121.4,0
2025,4,April,Q2,YRK,Yorkshire,REMOVAL,88,60,11,7,5400.0,3146.0,692.12,3838.12,1561.88,28.92,63.97,0
2025,4,April,Q2,YRK,Yorkshire,REPAIR,310,222,39,23,26640.0,15304.0,3366.88,18670.88,7969.12,29.91,84.1,0
2025,5,May,Q2,MID,Midlands,EXCHANGE,878,606,121,63,99990.0,52086.0,11458.92,63544.92,36445.08,36.45,104.86,0
2025,5,May,Q2,MID,Midlands,NEW_INSTALL,815,559,109,65,103415.0,55575.0,12226.5,67801.5,35613.5,34.44,121.29,0
2025,5,May,Q2,MID,Midlands,REMOVAL,179,118,19,21,10620.0,6462.0,1421.64,7883.64,2736.36,25.77,66.81,0
2025,5,May,Q2,MID,Midlands,REPAIR,454,314,68,29,37680.0,21512.0,4732.64,26244.64,11435.36,30.35,83.58,0
2025,5,May,Q2,NE,North East,EXCHANGE,538,356,86,33,58740.0,30446.0,6698.12,37144.12,21595.88,36.77,104.34,0
2025,5,May,Q2,NE,North East,NEW_INSTALL,487,343,71,34,63455.0,33877.0,7452.94,41329.94,22125.06,34.87,120.5,0
2025,5,May,Q2,NE,North East,REMOVAL,88,58,17,5,5220.0,2974.0,654.28,3628.28,1591.72,30.49,62.56,0
2025,5,May,Q2,NE,North East,REPAIR,247,165,36,24,19800.0,11637.0,2560.14,14197.14,5602.86,28.3,86.04,0
2025,5,May,Q2,NW,North West,EXCHANGE,768,525,104,65,86625.0,45520.0,10014.4,55534.4,31090.6,35.89,105.78,0
2025,5,May,Q2,NW,North West,NEW_INSTALL,672,470,96,54,86950.0,46702.0,10274.44,56976.44,29973.56,34.47,121.23,0
2025,5,May,Q2,NW,North West,REMOVAL,115,71,17,11,6390.0,3826.0,841.72,4667.72,1722.28,26.95,65.74,0
2025,5,May,Q2,NW,North West,REPAIR,376,269,45,33,32280.0,18739.0,4122.58,22861.58,9418.42,29.18,84.99,0
2025,5,May,Q2,SCO,Scotland,EXCHANGE,521,383,67,25,63195.0,32356.0,7118.32,39474.32,23720.68,37.54,103.07,0
2025,5,May,Q2,SCO,Scotland,NEW_INSTALL,474,334,74,33,61790.0,32984.0,7256.48,40240.48,21549.52,34.88,120.48,0
2025,5,May,Q2,SCO,Scotland,REMOVAL,89,68,9,6,6120.0,3492.0,768.24,4260.24,1859.76,30.39,62.65,0
2025,5,May,Q2,SCO,Scotland,REPAIR,218,154,22,19,18480.0,10732.0,2361.04,13093.04,5386.96,29.15,85.02,0
2025,5,May,Q2,SE,South East,EXCHANGE,997,678,149,74,111870.0,58408.0,12849.76,71257.76,40612.24,36.3,105.1,0
2025,5,May,Q2,SE,South East,NEW_INSTALL,893,615,126,71,113775.0,61123.0,13447.06,74570.06,39204.94,34.46,121.25,0
2025,5,May,Q2,SE,South East,REMOVAL,185,128,31,12,11520.0,6600.0,1452.0,8052.0,3468.0,30.1,62.91,0
2025,5,May,Q2,SE,South East,REPAIR,457,322,60,35,38640.0,22260.0,4897.2,27157.2,11482.8,29.72,84.34,0
2025,5,May,Q2,SW,South West,EXCHANGE,490,325,82,39,53625.0,28132.0,6189.04,34321.04,19303.96,36.0,105.6,0
2025,5,May,Q2,SW,South West,NEW_INSTALL,423,291,60,36,53835.0,29013.0,6382.86,35395.86,18439.14,34.25,121.64,0
2025,5,May,Q2,SW,South West,REMOVAL,82,57,12,5,5130.0,2926.0,643.72,3569.72,1560.28,30.41,62.63,0
2025,5,May,Q2,SW,South West,REPAIR,237,157,39,15,18840.0,10775.0,2370.5,13145.5,5694.5,30.23,83.73,0
2025,5,May,Q2,WAL,Wales,EXCHANGE,366,252,56,28,41580.0,21728.0,4780.16,26508.16,15071.84,36.25,105.19,0
2025,5,May,Q2,WAL,Wales,NEW_INSTALL,363,254,42,31,46990.0,25308.0,5567.76,30875.76,16114.24,34.29,121.56,0
2025,5,May,Q2,WAL,Wales,REMOVAL,69,42,11,8,3780.0,2320.0,510.4,2830.4,949.6,25.12,67.39,0
2025,5,May,Q2,WAL,Wales,REPAIR,179,110,29,18,13200.0,7834.0,1723.48,9557.48,3642.52,27.59,86.89,0
2025,5,May,Q2,YRK,Yorkshire,EXCHANGE,679,476,82,55,78540.0,41122.0,9046.84,50168.84,28371.16,36.12,105.4,0
2025,5,May,Q2,YRK,Yorkshire,NEW_INSTALL,565,384,81,37,71040.0,37886.0,8334.92,46220.92,24819.08,34.94,120.37,0
2025,5,May,Q2,YRK,Yorkshire,REMOVAL,135,95,13,12,8550.0,5016.0,1103.52,6119.52,2430.48,28.43,64.42,0
2025,5,May,Q2,YRK,Yorkshire,REPAIR,314,223,34,31,26760.0,15673.0,3448.06,19121.06,7638.94,28.55,85.74,0
2025,6,June,Q2,MID,Midlands,EXCHANGE,974,665,125,85,109725.0,57760.0,12707.2,70467.2,39257.8,35.78,105.97,0
2025,6,June,Q2,MID,Midlands,NEW_INSTALL,818,530,105,90,98050.0,53770.0,11829.4,65599.4,32450.6,33.1,123.77,0
2025,6,June,Q2,MID,Midlands,REMOVAL,164,116,21,13,10440.0,6062.0,1333.64,7395.64,3044.36,29.16,63.76,0
2025,6,June,Q2,MID,Midlands,REPAIR,428,287,64,33,34440.0,19909.0,4379.98,24288.98,10151.02,29.47,84.63,0
2025,6,June,Q2,NE,North East,EXCHANGE,609,418,81,60,68970.0,36556.0,8042.32,44598.32,24371.68,35.34,106.69,0
2025,6,June,Q2,NE,North East,NEW_INSTALL,471,308,71,43,56980.0,30894.0,6796.68,37690.68,19289.32,33.85,122.37,0
2025,6,June,Q2,NE,North East,REMOVAL,97,66,15,9,5940.0,3510.0,772.2,4282.2,1657.8,27.91,64.88,0
2025,6,June,Q2,NE,North East,REPAIR,276,194,33,20,23280.0,13370.0,2941.4,16311.4,6968.6,29.93,84.08,0
2025,6,June,Q2,NW,North West,EXCHANGE,780,545,94,61,89925.0,47008.0,10341.76,57349.76,32575.24,36.22,105.23,0
2025,6,June,Q2,NW,North West,NEW_INSTALL,676,441,93,61,81585.0,44213.0,9726.86,53939.86,27645.14,33.89,122.31,0
2025,6,June,Q2,NW,North West,REMOVAL,148,98,25,11,8820.0,5122.0,1126.84,6248.84,2571.16,29.15,63.76,0
2025,6,June,Q2,NW,North West,REPAIR,382,264,47,29,31680.0,18262.0,4017.64,22279.64,9400.36,29.67,84.39,0
2025,6,June,Q2,SCO,Scotland,EXCHANGE,557,392,77,41,64680.0,33702.0,7414.44,41116.44,23563.56,36.43,104.89,0
2025,6,June,Q2,SCO,Scotland,NEW_INSTALL,456,319,62,33,59015.0,31559.0,6942.98,38501.98,20513.02,34.76,120.7,0
2025,6,June,Q2,SCO,Scotland,REMOVAL,90,59,11,11,5310.0,3250.0,715.0,3965.0,1345.0,25.33,67.2,0
2025,6,June,Q2,SCO,Scotland,REPAIR,251,164,39,26,19680.0,11648.0,2562.56,14210.56,5469.44,27.79,86.65,0
2025,6,June,Q2,SE,South East,EXCHANGE,1113,764,147,93,126060.0,66182.0,14560.04,80742.04,45317.96,35.95,105.68,0
2025,6,June,Q2,SE,South East,NEW_INSTALL,955,653,118,89,120805.0,65417.0,14391.74,79808.74,40996.26,33.94,122.22,0
2025,6,June,Q2,SE,South East,REMOVAL,167,107,28,14,9630.0,5668.0,1246.96,6914.96,2715.04,28.19,64.63,0
2025,6,June,Q2,SE,South East,REPAIR,508,352,62,45,42240.0,24590.0,5409.8,29999.8,12240.2,28.98,85.23,0
2025,6,June,Q2,SW,South West,EXCHANGE,501,339,71,42,55935.0,29394.0,6466.68,35860.68,20074.32,35.89,105.78,0
2025,6,June,Q2,SW,South West,NEW_INSTALL,433,287,61,35,53095.0,28595.0,6290.9,34885.9,18209.1,34.3,121.55,0
2025,6,June,Q2,SW,South West,REMOVAL,99,63,21,7,5670.0,3290.0,723.8,4013.8,1656.2,29.21,63.71,0
2025,6,June,Q2,SW,South West,REPAIR,233,161,35,14,19320.0,10997.0,2419.34,13416.34,5903.66,30.56,83.33,0
2025,6,June,Q2,WAL,Wales,EXCHANGE,412,278,57,36,45870.0,24164.0,5316.08,29480.08,16389.92,35.73,106.04,0
2025,6,June,Q2,WAL,Wales,NEW_INSTALL,316,217,41,22,40145.0,21451.0,4719.22,26170.22,13974.78,34.81,120.6,0
2025,6,June,Q2,WAL,Wales,REMOVAL,66,42,5,8,3780.0,2320.0,510.4,2830.4,949.6,25.12,67.39,0
2025,6,June,Q2,WAL,Wales,REPAIR,189,134,26,16,16080.0,9318.0,2049.96,11367.96,4712.04,29.3,84.84,0
2025,6,June,Q2,YRK,Yorkshire,EXCHANGE,721,489,103,54,80685.0,42150.0,9273.0,51423.0,29262.0,36.27,105.16,0
2025,6,June,Q2,YRK,Yorkshire,NEW_INSTALL,642,435,92,40,80475.0,42845.0,9425.9,52270.9,28204.1,35.05,120.16,0
2025,6,June,Q2,YRK,Yorkshire,REMOVAL,126,84,19,10,7560.0,4412.0,970.64,5382.64,2177.36,28.8,64.08,0
2025,6,June,Q2,YRK,Yorkshire,REPAIR,309,211,40,26,25320.0,14703.0,3234.66,17937.66,7382.34,29.16,85.01,0
2025,7,July,Q3,MID,Midlands,EXCHANGE,1173,803,164,87,132495.0,69152.0,15213.44,84365.44,48129.56,36.33,105.06,0
2025,7,July,Q3,MID,Midlands,NEW_INSTALL,1025,689,142,81,127465.0,68533.0,15077.26,83610.26,43854.74,34.41,121.35,0
2025,7,July,Q3,MID,Midlands,REMOVAL,202,137,33,7,12330.0,6842.0,1505.24,8347.24,3982.76,32.3,60.93,0
2025,7,July,Q3,MID,Midlands,REPAIR,514,334,77,47,40080.0,23496.0,5169.12,28665.12,11414.88,28.48,85.82,0
2025,7,July,Q3,NE,North East,EXCHANGE,707,494,96,48,81510.0,42332.0,9313.04,51645.04,29864.96,36.64,104.54,0
2025,7,July,Q3,NE,North East,NEW_INSTALL,566,367,95,45,67895.0,36575.0,8046.5,44621.5,23273.5,34.28,121.58,0
2025,7,July,Q3,NE,North East,REMOVAL,124,85,20,11,7650.0,4498.0,989.56,5487.56,2162.44,28.27,64.56,0
2025,7,July,Q3,NE,North East,REPAIR,292,195,33,29,23400.0,13777.0,3030.94,16807.94,6592.06,28.17,86.19,0
2025,7,July,Q3,NW,North West,EXCHANGE,960,640,135,83,105600.0,55634.0,12239.48,67873.48,37726.52,35.73,106.05,0
2025,7,July,Q3,NW,North West,NEW_INSTALL,840,559,124,56,103415.0,55233.0,12151.26,67384.26,36030.74,34.84,120.54,0
2025,7,July,Q3,NW,North West,REMOVAL,151,104,20,16,9360.0,5600.0,1232.0,6832.0,2528.0,27.01,65.69,0
2025,7,July,Q3,NW,North West,REPAIR,415,281,56,40,33720.0,19785.0,4352.7,24137.7,9582.3,28.42,85.9,0
2025,7,July,Q3,SCO,Scotland,EXCHANGE,680,457,106,49,75405.0,39336.0,8653.92,47989.92,27415.08,36.36,105.01,0
2025,7,July,Q3,SCO,Scotland,NEW_INSTALL,606,392,106,51,72520.0,39178.0,8619.16,47797.16,24722.84,34.09,121.93,0
2025,7,July,Q3,SCO,Scotland,REMOVAL,98,67,15,9,6030.0,3558.0,782.76,4340.76,1689.24,28.01,64.79,0
2025,7,July,Q3,SCO,Scotland,REPAIR,285,198,38,15,23760.0,13440.0,2956.8,16396.8,7363.2,30.99,82.81,0
2025,7,July,Q3,SE,South East,EXCHANGE,1258,835,182,101,137775.0,72308.0,15907.76,88215.76,49559.24,35.97,105.65,0
2025,7,July,Q3,SE,South East,NEW_INSTALL,1164,793,153,88,146705.0,78679.0,17309.38,95988.38,50716.62,34.57,121.04,0
2025,7,July,Q3,SE,South East,REMOVAL,219,150,28,13,13500.0,7694.0,1692.68,9386.68,4113.32,30.47,62.58,0
2025,7,July,Q3,SE,South East,REPAIR,558,389,64,33,46680.0,26539.0,5838.58,32377.58,14302.42,30.64,83.23,0
2025,7,July,Q3,SW,South West,EXCHANGE,606,413,78,57,68145.0,36032.0,7927.04,43959.04,24185.96,35.49,106.44,0
2025,7,July,Q3,SW,South West,NEW_INSTALL,562,379,78,44,70115.0,37677.0,8288.94,45965.94,24149.06,34.44,121.28,0
2025,7,July,Q3,SW,South West,REMOVAL,106,79,12,10,7110.0,4172.0,917.84,5089.84,2020.16,28.41,64.43,0
2025,7,July,Q3,SW,South West,REPAIR,258,174,39,22,20880.0,12146.0,2672.12,14818.12,6061.88,29.03,85.16,0
2025,7,July,Q3,WAL,Wales,EXCHANGE,500,344,57,37,56760.0,29614.0,6515.08,36129.08,20630.92,36.35,105.03,0
2025,7,July,Q3,WAL,Wales,NEW_INSTALL,444,294,77,28,54390.0,28994.0,6378.68,35372.68,19017.32,34.96,120.32,0
2025,7,July,Q3,WAL,Wales,REMOVAL,80,48,17,9,4320.0,2646.0,582.12,3228.12,1091.88,25.28,67.25,0
2025,7,July,Q3,WAL,Wales,REPAIR,223,156,28,14,18720.0,10672.0,2347.84,13019.84,5700.16,30.45,83.46,0
2025,7,July,Q3,YRK,Yorkshire,EXCHANGE,912,651,112,58,107415.0,55586.0,12228.92,67814.92,39600.08,36.87,104.17,0
2025,7,July,Q3,YRK,Yorkshire,NEW_INSTALL,778,521,107,63,96385.0,51889.0,11415.58,63304.58,33080.42,34.32,121.51,0
2025,7,July,Q3,YRK,Yorkshire,REMOVAL,143,93,22,14,8370.0,4996.0,1099.12,6095.12,2274.88,27.18,65.54,0
2025,7,July,Q3,YRK,Yorkshire,REPAIR,387,272,52,26,32640.0,18668.0,4106.96,22774.96,9865.04,30.22,83.73,0
2025,8,August,Q3,MID,Midlands,EXCHANGE,1141,789,154,91,130185.0,68156.0,14994.32,83150.32,47034.68,36.13,105.39,0
2025,8,August,Q3,MID,Midlands,NEW_INSTALL,1047,727,121,91,134495.0,72523.0,15955.06,88478.06,46016.94,34.21,121.7,0
2025,8,August,Q3,MID,Midlands,REMOVAL,191,135,20,16,12150.0,7088.0,1559.36,8647.36,3502.64,28.83,64.05,0
2025,8,August,Q3,MID,Midlands,REPAIR,514,361,77,29,43320.0,24567.0,5404.74,29971.74,13348.26,30.81,83.02,0
2025,8,August,Q3,NE,North East,EXCHANGE,694,484,87,54,79860.0,41740.0,9182.8,50922.8,28937.2,36.23,105.21,0
2025,8,August,Q3,NE,North East,NEW_INSTALL,627,410,101,51,75850.0,40888.0,8995.36,49883.36,25966.64,34.23,121.67,0
2025,8,August,Q3,NE,North East,REMOVAL,136,94,14,18,8460.0,5196.0,1143.12,6339.12,2120.88,25.07,67.44,0
2025,8,August,Q3,NE,North East,REPAIR,327,220,36,28,26400.0,15364.0,3380.08,18744.08,7655.92,29.0,85.2,0
2025,8,August,Q3,NW,North West,EXCHANGE,931,631,145,54,104115.0,53794.0,11834.68,65628.68,38486.32,36.97,104.01,0
2025,8,August,Q3,NW,North West,NEW_INSTALL,843,550,121,78,101750.0,55214.0,12147.08,67361.08,34388.92,33.8,122.47,0
2025,8,August,Q3,NW,North West,REMOVAL,166,123,9,10,11070.0,6284.0,1382.48,7666.48,3403.52,30.75,62.33,0
2025,8,August,Q3,NW,North West,REPAIR,471,314,70,38,37680.0,21854.0,4807.88,26661.88,11018.12,29.24,84.91,0
2025,8,August,Q3,SCO,Scotland,EXCHANGE,689,478,84,60,78870.0,41476.0,9124.72,50600.72,28269.28,35.84,105.86,0
2025,8,August,Q3,SCO,Scotland,NEW_INSTALL,579,390,85,52,72150.0,39026.0,8585.72,47611.72,24538.28,34.01,122.08,0
2025,8,August,Q3,SCO,Scotland,REMOVAL,114,77,20,5,6930.0,3886.0,854.92,4740.92,2189.08,31.59,61.57,0
2025,8,August,Q3,SCO,Scotland,REPAIR,302,202,44,34,24240.0,14422.0,3172.84,17594.84,6645.16,27.41,87.1,0
2025,8,August,Q3,SE,South East,EXCHANGE,1321,892,205,99,147180.0,76906.0,16919.32,93825.32,53354.68,36.25,105.19,0
2025,8,August,Q3,SE,South East,NEW_INSTALL,1177,804,177,90,148740.0,79800.0,17556.0,97356.0,51384.0,34.55,121.09,0
2025,8,August,Q3,SE,South East,REMOVAL,239,173,24,24,15570.0,9216.0,2027.52,11243.52,4326.48,27.79,64.99,0
2025,8,August,Q3,SE,South East,REPAIR,627,411,103,55,49320.0,28805.0,6337.1,35142.1,14177.9,28.75,85.5,0
2025,8,August,Q3,SW,South West,EXCHANGE,622,435,79,46,71775.0,37418.0,8231.96,45649.96,26125.04,36.4,104.94,0
2025,8,August,Q3,SW,South West,NEW_INSTALL,554,381,69,52,70485.0,38171.0,8397.62,46568.62,23916.38,33.93,122.23,0
2025,8,August,Q3,SW,South West,REMOVAL,113,76,15,9,6840.0,3990.0,877.8,4867.8,1972.2,28.83,64.05,0
2025,8,August,Q3,SW,South West,REPAIR,286,195,41,19,23400.0,13397.0,2947.34,16344.34,7055.66,30.15,83.82,0
2025,8,August,Q3,WAL,Wales,EXCHANGE,518,344,71,38,56760.0,29652.0,6523.44,36175.44,20584.56,36.27,105.16,0
2025,8,August,Q3,WAL,Wales,NEW_INSTALL,455,310,65,24,57350.0,30362.0,6679.64,37041.64,20308.36,35.41,119.49,0
2025,8,August,Q3,WAL,Wales,REMOVAL,100,62,19,9,5580.0,3318.0,729.96,4047.96,1532.04,27.46,65.29,0
2025,8,August,Q3,WAL,Wales,REPAIR,214,139,35,14,16680.0,9567.0,2104.74,11671.74,5008.26,30.03,83.97,0
2025,8,August,Q3,YRK,Yorkshire,EXCHANGE,888,593,126,74,97845.0,51438.0,11316.36,62754.36,35090.64,35.86,105.83,0
2025,8,August,Q3,YRK,Yorkshire,NEW_INSTALL,782,548,100,65,101380.0,54530.0,11996.6,66526.6,34853.4,34.38,121.4,0
2025,8,August,Q3,YRK,Yorkshire,REMOVAL,169,119,21,11,10710.0,6130.0,1348.6,7478.6,3231.4,30.17,62.85,0
2025,8,August,Q3,YRK,Yorkshire,REPAIR,392,256,62,36,30720.0,18008.0,3961.76,21969.76,8750.24,28.48,85.82,0
2025,9,September,Q3,MID,Midlands,EXCHANGE,1267,850,165,116,140250.0,74108.0,16303.76,90411.76,49838.24,35.54,106.37,0
2025,9,September,Q3,MID,Midlands,NEW_INSTALL,1228,828,161,95,153180.0,82270.0,18099.4,100369.4,52810.6,34.48,121.22,0
2025,9,September,Q3,MID,Midlands,REMOVAL,240,165,26,18,14850.0,8604.0,1892.88,10496.88,4353.12,29.31,63.62,0
2025,9,September,Q3,MID,Midlands,REPAIR,540,378,78,38,45360.0,26014.0,5723.08,31737.08,13622.92,30.03,83.96,0
2025,9,September,Q3,NE,North East,EXCHANGE,751,487,109,70,80355.0,42594.0,9370.68,51964.68,28390.32,35.33,106.7,0
2025,9,September,Q3,NE,North East,NEW_INSTALL,702,477,97,55,88245.0,47405.0,10429.1,57834.1,30410.9,34.46,121.25,0
2025,9,September,Q3,NE,North East,REMOVAL,124,87,12,14,7830.0,4708.0,1035.76,5743.76,2086.24,26.64,66.02,0
2025,9,September,Q3,NE,North East,REPAIR,350,230,52,38,27600.0,16394.0,3606.68,20000.68,7599.32,27.53,86.96,0
2025,9,September,Q3,NW,North West,EXCHANGE,1065,706,165,90,116490.0,61312.0,13488.64,74800.64,41689.36,35.79,105.95,0
2025,9,September,Q3,NW,North West,NEW_INSTALL,988,677,139,78,125245.0,67279.0,14801.38,82080.38,43164.62,34.46,121.24,0
2025,9,September,Q3,NW,North West,REMOVAL,164,110,24,7,9900.0,5546.0,1220.12,6766.12,3133.88,31.66,61.51,0
2025,9,September,Q3,NW,North West,REPAIR,455,308,63,36,36960.0,21388.0,4705.36,26093.36,10866.64,29.4,84.72,0
2025,9,September,Q3,SCO,Scotland,EXCHANGE,750,514,109,45,84810.0,43858.0,9648.76,53506.76,31303.24,36.91,104.1,0
2025,9,September,Q3,SCO,Scotland,NEW_INSTALL,654,448,95,55,82880.0,44650.0,9823.0,54473.0,28407.0,34.27,121.59,0
2025,9,September,Q3,SCO,Scotland,REMOVAL,113,69,17,8,6210.0,3616.0,795.52,4411.52,1798.48,28.96,63.94,0
2025,9,September,Q3,SCO,Scotland,REPAIR,322,223,45,13,26760.0,14989.0,3297.58,18286.58,8473.42,31.66,82.0,0
2025,9,September,Q3,SE,South East,EXCHANGE,1435,958,215,110,158070.0,82736.0,18201.92,100937.92,57132.08,36.14,105.36,0
2025,9,September,Q3,SE,South East,NEW_INSTALL,1260,867,176,90,160395.0,85785.0,18872.7,104657.7,55737.3,34.75,120.71,0
2025,9,September,Q3,SE,South East,REMOVAL,275,186,42,22,16740.0,9764.0,2148.08,11912.08,4827.92,28.84,64.04,0
2025,9,September,Q3,SE,South East,REPAIR,626,437,76,49,52440.0,30267.0,6658.74,36925.74,15514.26,29.58,84.5,0
2025,9,September,Q3,SW,South West,EXCHANGE,690,471,93,62,77715.0,40978.0,9015.16,49993.16,27721.84,35.67,106.14,0
2025,9,September,Q3,SW,South West,NEW_INSTALL,599,407,72,52,75295.0,40641.0,8941.02,49582.02,25712.98,34.15,121.82,0
2025,9,September,Q3,SW,South West,REMOVAL,109,72,14,12,6480.0,3912.0,860.64,4772.64,1707.36,26.35,66.29,0
2025,9,September,Q3,SW,South West,REPAIR,284,194,35,23,23280.0,13484.0,2966.48,16450.48,6829.52,29.34,84.8,0
2025,9,September,Q3,WAL,Wales,EXCHANGE,548,363,73,53,59895.0,31780.0,6991.6,38771.6,21123.4,35.27,106.81,0
2025,9,September,Q3,WAL,Wales,NEW_INSTALL,443,287,62,43,53095.0,28899.0,6357.78,35256.78,17838.22,33.6,122.85,0
2025,9,September,Q3,WAL,Wales,REMOVAL,94,59,17,6,5310.0,3060.0,673.2,3733.2,1576.8,29.69,63.27,0
2025,9,September,Q3,WAL,Wales,REPAIR,259,175,39,21,21000.0,12173.0,2678.06,14851.06,6148.94,29.28,84.86,0
2025,9,September,Q3,YRK,Yorkshire,EXCHANGE,984,668,140,66,110220.0,57284.0,12602.48,69886.48,40333.52,36.59,104.62,0
2025,9,September,Q3,YRK,Yorkshire,NEW_INSTALL,843,553,122,82,102305.0,55651.0,12243.22,67894.22,34410.78,33.64,122.77,0
2025,9,September,Q3,YRK,Yorkshire,REMOVAL,165,109,25,14,9810.0,5764.0,1268.08,7032.08,2777.92,28.32,64.51,0
2025,9,September,Q3,YRK,Yorkshire,REPAIR,441,296,68,33,35520.0,20494.0,4508.68,25002.68,10517.32,29.61,84.47,0
2025,10,October,Q4,MID,Midlands,EXCHANGE,1328,920,177,104,151800.0,79392.0,17466.24,96858.24,54941.76,36.19,105.28,0
2025,10,October,Q4,MID,Midlands,NEW_INSTALL,1169,823,150,86,152255.0,81453.0,17919.66,99372.66,52882.34,34.73,120.74,0
2025,10,October,Q4,MID,Midlands,REMOVAL,237,160,28,22,14400.0,8516.0,1873.52,10389.52,4010.48,27.85,64.93,0
2025,10,October,Q4,MID,Midlands,REPAIR,616,424,85,45,50880.0,29270.0,6439.4,35709.4,15170.6,29.82,84.22,0
2025,10,October,Q4,NE,North East,EXCHANGE,832,572,106,67,94380.0,49450.0,10879.0,60329.0,34051.0,36.08,105.47,0
2025,10,October,Q4,NE,North East,NEW_INSTALL,693,477,77,75,88245.0,48165.0,10596.3,58761.3,29483.7,33.41,123.19,0
2025,10,October,Q4,NE,North East,REMOVAL,143,94,16,18,8460.0,5196.0,1143.12,6339.12,2120.88,25.07,67.44,0
2025,10,October,Q4,NE,North East,REPAIR,366,259,45,29,31080.0,17937.0,3946.14,21883.14,9196.86,29.59,84.49,0
2025,10,October,Q4,NW,North West,EXCHANGE,1076,712,155,81,117480.0,61462.0,13521.64,74983.64,42496.36,36.17,105.31,0
2025,10,October,Q4,NW,North West,NEW_INSTALL,1010,712,118,86,131720.0,70908.0,15599.76,86507.76,45212.24,34.32,121.5,0
2025,10,October,Q4,NW,North West,REMOVAL,225,153,35,11,13770.0,7762.0,1707.64,9469.64,4300.36,31.23,61.89,0
2025,10,October,Q4,NW,North West,REPAIR,409,272,65,27,32640.0,18706.0,4115.32,22821.32,9818.68,30.08,83.9,0
2025,10,October,Q4,SCO,Scotland,EXCHANGE,818,535,133,65,88275.0,46340.0,10194.8,56534.8,31740.2,35.96,105.67,0
2025,10,October,Q4,SCO,Scotland,NEW_INSTALL,652,454,86,50,83990.0,45030.0,9906.6,54936.6,29053.4,34.59,121.01,0
2025,10,October,Q4,SCO,Scotland,REMOVAL,136,93,15,18,8370.0,5148.0,1132.56,6280.56,2089.44,24.96,67.53,0
2025,10,October,Q4,SCO,Scotland,REPAIR,345,232,46,30,27840.0,16220.0,3568.4,19788.4,8051.6,28.92,85.29,0
2025,10,October,Q4,SE,South East,EXCHANGE,1513,1048,205,113,172920.0,90230.0,19850.6,110080.6,62839.4,36.34,105.04,0
2025,10,October,Q4,SE,South East,NEW_INSTALL,1360,957,167,106,177045.0,94943.0,20887.46,115830.46,61214.54,34.58,121.03,0
2025,10,October,Q4,SE,South East,REMOVAL,251,184,26,16,16560.0,9440.0,2076.8,11516.8,5043.2,30.45,62.59,0
2025,10,October,Q4,SE,South East,REPAIR,668,445,97,60,53400.0,31205.0,6865.1,38070.1,15329.9,28.71,85.55,0
2025,10,October,Q4,SW,South West,EXCHANGE,665,464,93,51,76560.0,39986.0,8796.92,48782.92,27777.08,36.28,105.14,0
2025,10,October,Q4,SW,South West,NEW_INSTALL,643,430,98,54,79550.0,42902.0,9438.44,52340.44,27209.56,34.2,121.72,0
2025,10,October,Q4,SW,South West,REMOVAL,125,99,7,11,8910.0,5170.0,1137.4,6307.4,2602.6,29.21,63.71,0
2025,10,October,Q4,SW,South West,REPAIR,325,223,41,26,26760.0,15483.0,3406.26,18889.26,7870.74,29.41,84.71,0
2025,10,October,Q4,WAL,Wales,EXCHANGE,580,410,76,48,67650.0,35444.0,7797.68,43241.68,24408.32,36.08,105.47,0
2025,10,October,Q4,WAL,Wales,NEW_INSTALL,451,302,63,28,55870.0,29754.0,6545.88,36299.88,19570.12,35.03,120.2,0
2025,10,October,Q4,WAL,Wales,REMOVAL,84,59,12,5,5310.0,3022.0,664.84,3686.84,1623.16,30.57,62.49,0
2025,10,October,Q4,WAL,Wales,REPAIR,280,193,37,23,23160.0,13419.0,2952.18,16371.18,6788.82,29.31,84.82,0
2025,10,October,Q4,YRK,Yorkshire,EXCHANGE,935,660,131,59,108900.0,56362.0,12399.64,68761.64,40138.36,36.86,104.18,0
2025,10,October,Q4,YRK,Yorkshire,NEW_INSTALL,893,611,124,76,113035.0,60933.0,13405.26,74338.26,38696.74,34.23,121.67,0
2025,10,October,Q4,YRK,Yorkshire,REMOVAL,168,107,29,12,9630.0,5592.0,1230.24,6822.24,2807.76,29.16,63.76,0
2025,10,October,Q4,YRK,Yorkshire,REPAIR,467,322,56,38,38640.0,22374.0,4922.28,27296.28,11343.72,29.36,84.77,0
2025,11,November,Q4,MID,Midlands,EXCHANGE,1176,814,154,103,134310.0,70662.0,15545.64,86207.64,48102.36,35.81,105.91,0
2025,11,November,Q4,MID,Midlands,NEW_INSTALL,1019,677,158,74,125245.0,67127.0,14767.94,81894.94,43350.06,34.61,120.97,0
2025,11,November,Q4,MID,Midlands,REMOVAL,198,133,23,21,11970.0,7182.0,1580.04,8762.04,3207.96,26.8,65.88,0
2025,11,November,Q4,MID,Midlands,REPAIR,521,351,73,44,42120.0,24487.0,5387.14,29874.14,12245.86,29.07,85.11,0
2025,11,November,Q4,NE,North East,EXCHANGE,697,475,103,55,78375.0,41040.0,9028.8,50068.8,28306.2,36.12,105.41,0
2025,11,November,Q4,NE,North East,NEW_INSTALL,629,442,75,50,81770.0,43890.0,9655.8,53545.8,28224.2,34.52,121.14,0
2025,11,November,Q4,NE,North East,REMOVAL,112,83,9,8,7470.0,4288.0,943.36,5231.36,2238.64,29.97,63.03,0
2025,11,November,Q4,NE,North East,REPAIR,329,219,40,29,26280.0,15337.0,3374.14,18711.14,7568.86,28.8,85.44,0
2025,11,November,Q4,NW,North West,EXCHANGE,957,653,148,85,107745.0,56776.0,12490.72,69266.72,38478.28,35.71,106.07,0
2025,11,November,Q4,NW,North West,NEW_INSTALL,898,623,128,54,115255.0,61237.0,13472.14,74709.14,40545.86,35.18,119.92,0
2025,11,November,Q4,NW,North West,REMOVAL,184,135,24,13,12150.0,6974.0,1534.28,8508.28,3641.72,29.97,63.02,0
2025,11,November,Q4,NW,North West,REPAIR,417,275,78,25,33000.0,18825.0,4141.5,22966.5,10033.5,30.4,83.51,0
2025,11,November,Q4,SCO,Scotland,EXCHANGE,646,442,74,50,72930.0,38144.0,8391.68,46535.68,26394.32,36.19,105.28,0
2025,11,November,Q4,SCO,Scotland,NEW_INSTALL,598,398,87,49,73630.0,39672.0,8727.84,48399.84,25230.16,34.27,121.61,0
2025,11,November,Q4,SCO,Scotland,REMOVAL,117,73,21,9,6570.0,3846.0,846.12,4692.12,1877.88,28.58,64.28,0
2025,11,November,Q4,SCO,Scotland,REPAIR,303,217,31,28,26040.0,15169.0,3337.18,18506.18,7533.82,28.93,85.28,0
2025,11,November,Q4,SE,South East,EXCHANGE,1285,882,176,99,145530.0,76086.0,16738.92,92824.92,52705.08,36.22,105.24,0
2025,11,November,Q4,SE,South East,NEW_INSTALL,1139,783,148,94,144855.0,77957.0,17150.54,95107.54,49747.46,34.34,121.47,0
2025,11,November,Q4,SE,South East,REMOVAL,253,160,35,23,14400.0,8554.0,1881.88,10435.88,3964.12,27.53,65.22,0
2025,11,November,Q4,SE,South East,REPAIR,626,415,101,52,49800.0,28951.0,6369.22,35320.22,14479.78,29.08,85.11,0
2025,11,November,Q4,SW,South West,EXCHANGE,608,419,70,52,69135.0,36334.0,7993.48,44327.48,24807.52,35.88,105.79,0
2025,11,November,Q4,SW,South West,NEW_INSTALL,540,370,75,37,68450.0,36556.0,8042.32,44598.32,23851.68,34.85,120.54,0
2025,11,November,Q4,SW,South West,REMOVAL,118,82,17,9,7380.0,4278.0,941.16,5219.16,2160.84,29.28,63.65,0
2025,11,November,Q4,SW,South West,REPAIR,284,192,43,26,23040.0,13468.0,2962.96,16430.96,6609.04,28.69,85.58,0
2025,11,November,Q4,WAL,Wales,EXCHANGE,501,355,63,34,58575.0,30402.0,6688.44,37090.44,21484.56,36.68,104.48,0
2025,11,November,Q4,WAL,Wales,NEW_INSTALL,443,291,65,39,53835.0,29127.0,6407.94,35534.94,18300.06,33.99,122.11,0
2025,11,November,Q4,WAL,Wales,REMOVAL,86,60,13,4,5400.0,3032.0,667.04,3699.04,1700.96,31.5,61.65,0
2025,11,November,Q4,WAL,Wales,REPAIR,218,143,34,14,17160.0,9827.0,2161.94,11988.94,5171.06,30.13,83.84,0
2025,11,November,Q4,YRK,Yorkshire,EXCHANGE,907,596,144,70,98340.0,51532.0,11337.04,62869.04,35470.96,36.07,105.48,0
2025,11,November,Q4,YRK,Yorkshire,NEW_INSTALL,757,511,104,64,94535.0,50977.0,11214.94,62191.94,32343.06,34.21,121.71,0
2025,11,November,Q4,YRK,Yorkshire,REMOVAL,171,114,29,11,10260.0,5890.0,1295.8,7185.8,3074.2,29.96,63.03,0
2025,11,November,Q4,YRK,Yorkshire,REPAIR,416,293,49,29,35160.0,20147.0,4432.34,24579.34,10580.66,30.09,83.89,0
2025,12,December,Q4,MID,Midlands,EXCHANGE,1230,862,150,104,142230.0,74636.0,16419.92,91055.92,51174.08,35.98,105.63,0
2025,12,December,Q4,MID,Midlands,NEW_INSTALL,1123,751,174,84,138935.0,74537.0,16398.14,90935.14,47999.86,34.55,121.09,0
2025,12,December,Q4,MID,Midlands,REMOVAL,219,152,32,14,13680.0,7828.0,1722.16,9550.16,4129.84,30.19,62.83,0
2025,12,December,Q4,MID,Midlands,REPAIR,549,374,76,44,44880.0,25982.0,5716.04,31698.04,13181.96,29.37,84.75,0
2025,12,December,Q4,NE,North East,EXCHANGE,713,482,99,55,79530.0,41614.0,9155.08,50769.08,28760.92,36.16,105.33,0
2025,12,December,Q4,NE,North East,NEW_INSTALL,618,432,83,43,79920.0,42674.0,9388.28,52062.28,27857.72,34.86,120.51,0
2025,12,December,Q4,NE,North East,REMOVAL,140,100,18,11,9000.0,5218.0,1147.96,6365.96,2634.04,29.27,63.66,0
2025,12,December,Q4,NE,North East,REPAIR,353,247,42,26,29640.0,17043.0,3749.46,20792.46,8847.54,29.85,84.18,0
2025,12,December,Q4,NW,North West,EXCHANGE,963,665,120,78,109725.0,57494.0,12648.68,70142.68,39582.32,36.07,105.48,0
2025,12,December,Q4,NW,North West,NEW_INSTALL,875,576,127,76,106560.0,57608.0,12673.76,70281.76,36278.24,34.04,122.02,0
2025,12,December,Q4,NW,North West,REMOVAL,145,107,14,8,9630.0,5440.0,1196.8,6636.8,2993.2,31.08,62.03,0
2025,12,December,Q4,NW,North West,REPAIR,445,296,63,41,35520.0,20798.0,4575.56,25373.56,10146.44,28.57,85.72,0
2025,12,December,Q4,SCO,Scotland,EXCHANGE,680,481,85,49,79365.0,41304.0,9086.88,50390.88,28974.12,36.51,104.76,0
2025,12,December,Q4,SCO,Scotland,NEW_INSTALL,593,403,88,44,74555.0,39957.0,8790.54,48747.54,25807.46,34.62,120.96,0
2025,12,December,Q4,SCO,Scotland,REMOVAL,126,83,21,8,7470.0,4288.0,943.36,5231.36,2238.64,29.97,63.03,0
2025,12,December,Q4,SCO,Scotland,REPAIR,314,220,38,25,26400.0,15250.0,3355.0,18605.0,7795.0,29.53,84.57,0
2025,12,December,Q4,SE,South East,EXCHANGE,1345,908,178,116,149820.0,78864.0,17350.08,96214.08,53605.92,35.78,105.96,0
2025,12,December,Q4,SE,South East,NEW_INSTALL,1213,833,162,112,154105.0,83391.0,18346.02,101737.02,52367.98,33.98,122.13,0
2025,12,December,Q4,SE,South East,REMOVAL,243,155,41,19,13950.0,8162.0,1795.64,9957.64,3992.36,28.62,64.24,0
2025,12,December,Q4,SE,South East,REPAIR,638,433,86,57,51960.0,30311.0,6668.42,36979.42,14980.58,28.83,85.4,0
2025,12,December,Q4,SW,South West,EXCHANGE,652,443,81,57,73095.0,38492.0,8468.24,46960.24,26134.76,35.75,106.01,0
2025,12,December,Q4,SW,South West,NEW_INSTALL,562,377,81,44,69745.0,37487.0,8247.14,45734.14,24010.86,34.43,121.31,0
2025,12,December,Q4,SW,South West,REMOVAL,104,71,20,3,6390.0,3522.0,774.84,4296.84,2093.16,32.76,60.52,0
2025,12,December,Q4,SW,South West,REPAIR,290,200,42,23,24000.0,13874.0,3052.28,16926.28,7073.72,29.47,84.63,0
2025,12,December,Q4,WAL,Wales,EXCHANGE,537,389,59,49,64185.0,33760.0,7427.2,41187.2,22997.8,35.83,105.88,0
2025,12,December,Q4,WAL,Wales,NEW_INSTALL,476,317,71,43,58645.0,31749.0,6984.78,38733.78,19911.22,33.95,122.19,0
2025,12,December,Q4,WAL,Wales,REMOVAL,94,56,16,9,5040.0,3030.0,666.6,3696.6,1343.4,26.65,66.01,0
2025,12,December,Q4,WAL,Wales,REPAIR,218,143,30,15,17160.0,9865.0,2170.3,12035.3,5124.7,29.86,84.16,0
2025,12,December,Q4,YRK,Yorkshire,EXCHANGE,910,608,133,77,100320.0,52782.0,11612.04,64394.04,35925.96,35.81,105.91,0
2025,12,December,Q4,YRK,Yorkshire,NEW_INSTALL,790,541,112,60,100085.0,53675.0,11808.5,65483.5,34601.5,34.57,121.04,0
2025,12,December,Q4,YRK,Yorkshire,REMOVAL,144,96,18,11,8640.0,5026.0,1105.72,6131.72,2508.28,29.03,63.87,0
2025,12,December,Q4,YRK,Yorkshire,REPAIR,382,263,42,33,31560.0,18349.0,4036.78,22385.78,9174.22,29.07,85.12,0
2026,1,January,Q1,MID,Midlands,EXCHANGE,1012,0,0,0,0.0,0.0,0.0,0.0,0.0,0.0,0.0,1
2026,1,January,Q1,MID,Midlands,NEW_INSTALL,900,0,0,0,0.0,0.0,0.0,0.0,0.0,0.0,0.0,1
2026,1,January,Q1,MID,Midlands,REMOVAL,216,0,0,0,0.0,0.0,0.0,0.0,0.0,0.0,0.0,1
2026,1,January,Q1,MID,Midlands,REPAIR,521,0,0,0,0.0,0.0,0.0,0.0,0.0,0.0,0.0,1
2026,1,January,Q1,NE,North East,EXCHANGE,658,0,0,0,0.0,0.0,0.0,0.0,0.0,0.0,0.0,1
2026,1,January,Q1,NE,North East,NEW_INSTALL,553,0,0,0,0.0,0.0,0.0,0.0,0.0,0.0,0.0,1
2026,1,January,Q1,NE,North East,REMOVAL,115,0,0,0,0.0,0.0,0.0,0.0,0.0,0.0,0.0,1
2026,1,January,Q1,NE,North East,REPAIR,290,0,0,0,0.0,0.0,0.0,0.0,0.0,0.0,0.0,1
2026,1,January,Q1,NW,North West,EXCHANGE,929,0,0,0,0.0,0.0,0.0,0.0,0.0,0.0,0.0,1
2026,1,January,Q1,NW,North West,NEW_INSTALL,738,0,0,0,0.0,0.0,0.0,0.0,0.0,0.0,0.0,1
2026,1,January,Q1,NW,North West,REMOVAL,147,0,0,0,0.0,0.0,0.0,0.0,0.0,0.0,0.0,1
2026,1,January,Q1,NW,North West,REPAIR,394,0,0,0,0.0,0.0,0.0,0.0,0.0,0.0,0.0,1
2026,1,January,Q1,SCO,Scotland,EXCHANGE,607,0,0,0,0.0,0.0,0.0,0.0,0.0,0.0,0.0,1
2026,1,January,Q1,SCO,Scotland,NEW_INSTALL,515,0,0,0,0.0,0.0,0.0,0.0,0.0,0.0,0.0,1
2026,1,January,Q1,SCO,Scotland,REMOVAL,95,0,0,0,0.0,0.0,0.0,0.0,0.0,0.0,0.0,1
2026,1,January,Q1,SCO,Scotland,REPAIR,266,0,0,0,0.0,0.0,0.0,0.0,0.0,0.0,0.0,1
2026,1,January,Q1,SE,South East,EXCHANGE,1180,0,0,0,0.0,0.0,0.0,0.0,0.0,0.0,0.0,1
2026,1,January,Q1,SE,South East,NEW_INSTALL,1027,0,0,0,0.0,0.0,0.0,0.0,0.0,0.0,0.0,1
2026,1,January,Q1,SE,South East,REMOVAL,197,0,0,0,0.0,0.0,0.0,0.0,0.0,0.0,0.0,1
2026,1,January,Q1,SE,South East,REPAIR,574,0,0,0,0.0,0.0,0.0,0.0,0.0,0.0,0.0,1
2026,1,January,Q1,SW,South West,EXCHANGE,569,0,0,0,0.0,0.0,0.0,0.0,0.0,0.0,0.0,1
2026,1,January,Q1,SW,South West,NEW_INSTALL,468,0,0,0,0.0,0.0,0.0,0.0,0.0,0.0,0.0,1
2026,1,January,Q1,SW,South West,REMOVAL,99,0,0,0,0.0,0.0,0.0,0.0,0.0,0.0,0.0,1
2026,1,January,Q1,SW,South West,REPAIR,255,0,0,0,0.0,0.0,0.0,0.0,0.0,0.0,0.0,1
2026,1,January,Q1,WAL,Wales,EXCHANGE,446,0,0,0,0.0,0.0,0.0,0.0,0.0,0.0,0.0,1
2026,1,January,Q1,WAL,Wales,NEW_INSTALL,378,0,0,0,0.0,0.0,0.0,0.0,0.0,0.0,0.0,1
2026,1,January,Q1,WAL,Wales,REMOVAL,84,0,0,0,0.0,0.0,0.0,0.0,0.0,0.0,0.0,1
2026,1,January,Q1,WAL,Wales,REPAIR,206,0,0,0,0.0,0.0,0.0,0.0,0.0,0.0,0.0,1
2026,1,January,Q1,YRK,Yorkshire,EXCHANGE,768,0,0,0,0.0,0.0,0.0,0.0,0.0,0.0,0.0,1
2026,1,January,Q1,YRK,Yorkshire,NEW_INSTALL,695,0,0,0,0.0,0.0,0.0,0.0,0.0,0.0,0.0,1
2026,1,January,Q1,YRK,Yorkshire,REMOVAL,149,0,0,0,0.0,0.0,0.0,0.0,0.0,0.0,0.0,1
2026,1,January,Q1,YRK,Yorkshire,REPAIR,354,0,0,0,0.0,0.0,0.0,0.0,0.0,0.0,0.0,1
2026,2,February,Q1,MID,Midlands,EXCHANGE,907,0,0,0,0.0,0.0,0.0,0.0,0.0,0.0,0.0,1
2026,2,February,Q1,MID,Midlands,NEW_INSTALL,720,0,0,0,0.0,0.0,0.0,0.0,0.0,0.0,0.0,1
2026,2,February,Q1,MID,Midlands,REMOVAL,149,0,0,0,0.0,0.0,0.0,0.0,0.0,0.0,0.0,1
2026,2,February,Q1,MID,Midlands,REPAIR,395,0,0,0,0.0,0.0,0.0,0.0,0.0,0.0,0.0,1
2026,2,February,Q1,NE,North East,EXCHANGE,506,0,0,0,0.0,0.0,0.0,0.0,0.0,0.0,0.0,1
2026,2,February,Q1,NE,North East,NEW_INSTALL,489,0,0,0,0.0,0.0,0.0,0.0,0.0,0.0,0.0,1
2026,2,February,Q1,NE,North East,REMOVAL,84,0,0,0,0.0,0.0,0.0,0.0,0.0,0.0,0.0,1
2026,2,February,Q1,NE,North East,REPAIR,229,0,0,0,0.0,0.0,0.0,0.0,0.0,0.0,0.0,1
2026,2,February,Q1,NW,North West,EXCHANGE,682,0,0,0,0.0,0.0,0.0,0.0,0.0,0.0,0.0,1
2026,2,February,Q1,NW,North West,NEW_INSTALL,600,0,0,0,0.0,0.0,0.0,0.0,0.0,0.0,0.0,1
2026,2,February,Q1,NW,North West,REMOVAL,117,0,0,0,0.0,0.0,0.0,0.0,0.0,0.0,0.0,1
2026,2,February,Q1,NW,North West,REPAIR,354,0,0,0,0.0,0.0,0.0,0.0,0.0,0.0,0.0,1
2026,2,February,Q1,SCO,Scotland,EXCHANGE,509,0,0,0,0.0,0.0,0.0,0.0,0.0,0.0,0.0,1
2026,2,February,Q1,SCO,Scotland,NEW_INSTALL,425,0,0,0,0.0,0.0,0.0,0.0,0.0,0.0,0.0,1
2026,2,February,Q1,SCO,Scotland,REMOVAL,91,0,0,0,0.0,0.0,0.0,0.0,0.0,0.0,0.0,1
2026,2,February,Q1,SCO,Scotland,REPAIR,214,0,0,0,0.0,0.0,0.0,0.0,0.0,0.0,0.0,1
2026,2,February,Q1,SE,South East,EXCHANGE,1025,0,0,0,0.0,0.0,0.0,0.0,0.0,0.0,0.0,1
2026,2,February,Q1,SE,South East,NEW_INSTALL,817,0,0,0,0.0,0.0,0.0,0.0,0.0,0.0,0.0,1
2026,2,February,Q1,SE,South East,REMOVAL,175,0,0,0,0.0,0.0,0.0,0.0,0.0,0.0,0.0,1
2026,2,February,Q1,SE,South East,REPAIR,449,0,0,0,0.0,0.0,0.0,0.0,0.0,0.0,0.0,1
2026,2,February,Q1,SW,South West,EXCHANGE,444,0,0,0,0.0,0.0,0.0,0.0,0.0,0.0,0.0,1
2026,2,February,Q1,SW,South West,NEW_INSTALL,410,0,0,0,0.0,0.0,0.0,0.0,0.0,0.0,0.0,1
2026,2,February,Q1,SW,South West,REMOVAL,76,0,0,0,0.0,0.0,0.0,0.0,0.0,0.0,0.0,1
2026,2,February,Q1,SW,South West,REPAIR,224,0,0,0,0.0,0.0,0.0,0.0,0.0,0.0,0.0,1
2026,2,February,Q1,WAL,Wales,EXCHANGE,397,0,0,0,0.0,0.0,0.0,0.0,0.0,0.0,0.0,1
2026,2,February,Q1,WAL,Wales,NEW_INSTALL,281,0,0,0,0.0,0.0,0.0,0.0,0.0,0.0,0.0,1
2026,2,February,Q1,WAL,Wales,REMOVAL,68,0,0,0,0.0,0.0,0.0,0.0,0.0,0.0,0.0,1
2026,2,February,Q1,WAL,Wales,REPAIR,180,0,0,0,0.0,0.0,0.0,0.0,0.0,0.0,0.0,1
2026,2,February,Q1,YRK,Yorkshire,EXCHANGE,651,0,0,0,0.0,0.0,0.0,0.0,0.0,0.0,0.0,1
2026,2,February,Q1,YRK,Yorkshire,NEW_INSTALL,542,0,0,0,0.0,0.0,0.0,0.0,0.0,0.0,0.0,1
2026,2,February,Q1,YRK,Yorkshire,REMOVAL,115,0,0,0,0.0,0.0,0.0,0.0,0.0,0.0,0.0,1
2026,2,February,Q1,YRK,Yorkshire,REPAIR,310,0,0,0,0.0,0.0,0.0,0.0,0.0,0.0,0.0,1
2026,3,March,Q1,MID,Midlands,EXCHANGE,881,0,0,0,0.0,0.0,0.0,0.0,0.0,0.0,0.0,1
2026,3,March,Q1,MID,Midlands,NEW_INSTALL,736,0,0,0,0.0,0.0,0.0,0.0,0.0,0.0,0.0,1
2026,3,March,Q1,MID,Midlands,REMOVAL,132,0,0,0,0.0,0.0,0.0,0.0,0.0,0.0,0.0,1
2026,3,March,Q1,MID,Midlands,REPAIR,401,0,0,0,0.0,0.0,0.0,0.0,0.0,0.0,0.0,1
2026,3,March,Q1,NE,North East,EXCHANGE,522,0,0,0,0.0,0.0,0.0,0.0,0.0,0.0,0.0,1
2026,3,March,Q1,NE,North East,NEW_INSTALL,483,0,0,0,0.0,0.0,0.0,0.0,0.0,0.0,0.0,1
2026,3,March,Q1,NE,North East,REMOVAL,95,0,0,0,0.0,0.0,0.0,0.0,0.0,0.0,0.0,1
2026,3,March,Q1,NE,North East,REPAIR,250,0,0,0,0.0,0.0,0.0,0.0,0.0,0.0,0.0,1
2026,3,March,Q1,NW,North West,EXCHANGE,747,0,0,0,0.0,0.0,0.0,0.0,0.0,0.0,0.0,1
2026,3,March,Q1,NW,North West,NEW_INSTALL,663,0,0,0,0.0,0.0,0.0,0.0,0.0,0.0,0.0,1
2026,3,March,Q1,NW,North West,REMOVAL,130,0,0,0,0.0,0.0,0.0,0.0,0.0,0.0,0.0,1
2026,3,March,Q1,NW,North West,REPAIR,285,0,0,0,0.0,0.0,0.0,0.0,0.0,0.0,0.0,1
2026,3,March,Q1,SCO,Scotland,EXCHANGE,484,0,0,0,0.0,0.0,0.0,0.0,0.0,0.0,0.0,1
2026,3,March,Q1,SCO,Scotland,NEW_INSTALL,435,0,0,0,0.0,0.0,0.0,0.0,0.0,0.0,0.0,1
2026,3,March,Q1,SCO,Scotland,REMOVAL,112,0,0,0,0.0,0.0,0.0,0.0,0.0,0.0,0.0,1
2026,3,March,Q1,SCO,Scotland,REPAIR,197,0,0,0,0.0,0.0,0.0,0.0,0.0,0.0,0.0,1
2026,3,March,Q1,SE,South East,EXCHANGE,1032,0,0,0,0.0,0.0,0.0,0.0,0.0,0.0,0.0,1
2026,3,March,Q1,SE,South East,NEW_INSTALL,856,0,0,0,0.0,0.0,0.0,0.0,0.0,0.0,0.0,1
2026,3,March,Q1,SE,South East,REMOVAL,197,0,0,0,0.0,0.0,0.0,0.0,0.0,0.0,0.0,1
2026,3,March,Q1,SE,South East,REPAIR,437,0,0,0,0.0,0.0,0.0,0.0,0.0,0.0,0.0,1
2026,3,March,Q1,SW,South West,EXCHANGE,443,0,0,0,0.0,0.0,0.0,0.0,0.0,0.0,0.0,1
2026,3,March,Q1,SW,South West,NEW_INSTALL,460,0,0,0,0.0,0.0,0.0,0.0,0.0,0.0,0.0,1
2026,3,March,Q1,SW,South West,REMOVAL,66,0,0,0,0.0,0.0,0.0,0.0,0.0,0.0,0.0,1
2026,3,March,Q1,SW,South West,REPAIR,192,0,0,0,0.0,0.0,0.0,0.0,0.0,0.0,0.0,1
2026,3,March,Q1,WAL,Wales,EXCHANGE,357,0,0,0,0.0,0.0,0.0,0.0,0.0,0.0,0.0,1
2026,3,March,Q1,WAL,Wales,NEW_INSTALL,340,0,0,0,0.0,0.0,0.0,0.0,0.0,0.0,0.0,1
2026,3,March,Q1,WAL,Wales,REMOVAL,60,0,0,0,0.0,0.0,0.0,0.0,0.0,0.0,0.0,1
2026,3,March,Q1,WAL,Wales,REPAIR,168,0,0,0,0.0,0.0,0.0,0.0,0.0,0.0,0.0,1
2026,3,March,Q1,YRK,Yorkshire,EXCHANGE,619,0,0,0,0.0,0.0,0.0,0.0,0.0,0.0,0.0,1
2026,3,March,Q1,YRK,Yorkshire,NEW_INSTALL,633,0,0,0,0.0,0.0,0.0,0.0,0.0,0.0,0.0,1
2026,3,March,Q1,YRK,Yorkshire,REMOVAL,124,0,0,0,0.0,0.0,0.0,0.0,0.0,0.0,0.0,1
2026,3,March,Q1,YRK,Yorkshire,REPAIR,300,0,0,0,0.0,0.0,0.0,0.0,0.0,0.0,0.0,1
2026,4,April,Q2,MID,Midlands,EXCHANGE,853,0,0,0,0.0,0.0,0.0,0.0,0.0,0.0,0.0,1
2026,4,April,Q2,MID,Midlands,NEW_INSTALL,743,0,0,0,0.0,0.0,0.0,0.0,0.0,0.0,0.0,1
2026,4,April,Q2,MID,Midlands,REMOVAL,159,0,0,0,0.0,0.0,0.0,0.0,0.0,0.0,0.0,1
2026,4,April,Q2,MID,Midlands,REPAIR,400,0,0,0,0.0,0.0,0.0,0.0,0.0,0.0,0.0,1
2026,4,April,Q2,NE,North East,EXCHANGE,470,0,0,0,0.0,0.0,0.0,0.0,0.0,0.0,0.0,1
2026,4,April,Q2,NE,North East,NEW_INSTALL,470,0,0,0,0.0,0.0,0.0,0.0,0.0,0.0,0.0,1
2026,4,April,Q2,NE,North East,REMOVAL,105,0,0,0,0.0,0.0,0.0,0.0,0.0,0.0,0.0,1
2026,4,April,Q2,NE,North East,REPAIR,242,0,0,0,0.0,0.0,0.0,0.0,0.0,0.0,0.0,1
2026,4,April,Q2,NW,North West,EXCHANGE,719,0,0,0,0.0,0.0,0.0,0.0,0.0,0.0,0.0,1
2026,4,April,Q2,NW,North West,NEW_INSTALL,606,0,0,0,0.0,0.0,0.0,0.0,0.0,0.0,0.0,1
2026,4,April,Q2,NW,North West,REMOVAL,125,0,0,0,0.0,0.0,0.0,0.0,0.0,0.0,0.0,1
2026,4,April,Q2,NW,North West,REPAIR,318,0,0,0,0.0,0.0,0.0,0.0,0.0,0.0,0.0,1
2026,4,April,Q2,SCO,Scotland,EXCHANGE,475,0,0,0,0.0,0.0,0.0,0.0,0.0,0.0,0.0,1
2026,4,April,Q2,SCO,Scotland,NEW_INSTALL,456,0,0,0,0.0,0.0,0.0,0.0,0.0,0.0,0.0,1
2026,4,April,Q2,SCO,Scotland,REMOVAL,88,0,0,0,0.0,0.0,0.0,0.0,0.0,0.0,0.0,1
2026,4,April,Q2,SCO,Scotland,REPAIR,203,0,0,0,0.0,0.0,0.0,0.0,0.0,0.0,0.0,1
2026,4,April,Q2,SE,South East,EXCHANGE,931,0,0,0,0.0,0.0,0.0,0.0,0.0,0.0,0.0,1
2026,4,April,Q2,SE,South East,NEW_INSTALL,824,0,0,0,0.0,0.0,0.0,0.0,0.0,0.0,0.0,1
2026,4,April,Q2,SE,South East,REMOVAL,154,0,0,0,0.0,0.0,0.0,0.0,0.0,0.0,0.0,1
2026,4,April,Q2,SE,South East,REPAIR,458,0,0,0,0.0,0.0,0.0,0.0,0.0,0.0,0.0,1
2026,4,April,Q2,SW,South West,EXCHANGE,472,0,0,0,0.0,0.0,0.0,0.0,0.0,0.0,0.0,1
2026,4,April,Q2,SW,South West,NEW_INSTALL,416,0,0,0,0.0,0.0,0.0,0.0,0.0,0.0,0.0,1
2026,4,April,Q2,SW,South West,REMOVAL,82,0,0,0,0.0,0.0,0.0,0.0,0.0,0.0,0.0,1
2026,4,April,Q2,SW,South West,REPAIR,179,0,0,0,0.0,0.0,0.0,0.0,0.0,0.0,0.0,1
2026,4,April,Q2,WAL,Wales,EXCHANGE,358,0,0,0,0.0,0.0,0.0,0.0,0.0,0.0,0.0,1
2026,4,April,Q2,WAL,Wales,NEW_INSTALL,326,0,0,0,0.0,0.0,0.0,0.0,0.0,0.0,0.0,1
2026,4,April,Q2,WAL,Wales,REMOVAL,62,0,0,0,0.0,0.0,0.0,0.0,0.0,0.0,0.0,1
2026,4,April,Q2,WAL,Wales,REPAIR,157,0,0,0,0.0,0.0,0.0,0.0,0.0,0.0,0.0,1
2026,4,April,Q2,YRK,Yorkshire,EXCHANGE,608,0,0,0,0.0,0.0,0.0,0.0,0.0,0.0,0.0,1
2026,4,April,Q2,YRK,Yorkshire,NEW_INSTALL,555,0,0,0,0.0,0.0,0.0,0.0,0.0,0.0,0.0,1
2026,4,April,Q2,YRK,Yorkshire,REMOVAL,115,0,0,0,0.0,0.0,0.0,0.0,0.0,0.0,0.0,1
2026,4,April,Q2,YRK,Yorkshire,REPAIR,338,0,0,0,0.0,0.0,0.0,0.0,0.0,0.0,0.0,1
2026,5,May,Q2,MID,Midlands,EXCHANGE,911,0,0,0,0.0,0.0,0.0,0.0,0.0,0.0,0.0,1
2026,5,May,Q2,MID,Midlands,NEW_INSTALL,769,0,0,0,0.0,0.0,0.0,0.0,0.0,0.0,0.0,1
2026,5,May,Q2,MID,Midlands,REMOVAL,172,0,0,0,0.0,0.0,0.0,0.0,0.0,0.0,0.0,1
2026,5,May,Q2,MID,Midlands,REPAIR,408,0,0,0,0.0,0.0,0.0,0.0,0.0,0.0,0.0,1
2026,5,May,Q2,NE,North East,EXCHANGE,549,0,0,0,0.0,0.0,0.0,0.0,0.0,0.0,0.0,1
2026,5,May,Q2,NE,North East,NEW_INSTALL,454,0,0,0,0.0,0.0,0.0,0.0,0.0,0.0,0.0,1
2026,5,May,Q2,NE,North East,REMOVAL,109,0,0,0,0.0,0.0,0.0,0.0,0.0,0.0,0.0,1
2026,5,May,Q2,NE,North East,REPAIR,255,0,0,0,0.0,0.0,0.0,0.0,0.0,0.0,0.0,1
2026,5,May,Q2,NW,North West,EXCHANGE,708,0,0,0,0.0,0.0,0.0,0.0,0.0,0.0,0.0,1
2026,5,May,Q2,NW,North West,NEW_INSTALL,630,0,0,0,0.0,0.0,0.0,0.0,0.0,0.0,0.0,1
2026,5,May,Q2,NW,North West,REMOVAL,135,0,0,0,0.0,0.0,0.0,0.0,0.0,0.0,0.0,1
2026,5,May,Q2,NW,North West,REPAIR,347,0,0,0,0.0,0.0,0.0,0.0,0.0,0.0,0.0,1
2026,5,May,Q2,SCO,Scotland,EXCHANGE,484,0,0,0,0.0,0.0,0.0,0.0,0.0,0.0,0.0,1
2026,5,May,Q2,SCO,Scotland,NEW_INSTALL,427,0,0,0,0.0,0.0,0.0,0.0,0.0,0.0,0.0,1
2026,5,May,Q2,SCO,Scotland,REMOVAL,96,0,0,0,0.0,0.0,0.0,0.0,0.0,0.0,0.0,1
2026,5,May,Q2,SCO,Scotland,REPAIR,216,0,0,0,0.0,0.0,0.0,0.0,0.0,0.0,0.0,1
2026,5,May,Q2,SE,South East,EXCHANGE,1000,0,0,0,0.0,0.0,0.0,0.0,0.0,0.0,0.0,1
2026,5,May,Q2,SE,South East,NEW_INSTALL,854,0,0,0,0.0,0.0,0.0,0.0,0.0,0.0,0.0,1
2026,5,May,Q2,SE,South East,REMOVAL,196,0,0,0,0.0,0.0,0.0,0.0,0.0,0.0,0.0,1
2026,5,May,Q2,SE,South East,REPAIR,453,0,0,0,0.0,0.0,0.0,0.0,0.0,0.0,0.0,1
2026,5,May,Q2,SW,South West,EXCHANGE,455,0,0,0,0.0,0.0,0.0,0.0,0.0,0.0,0.0,1
2026,5,May,Q2,SW,South West,NEW_INSTALL,406,0,0,0,0.0,0.0,0.0,0.0,0.0,0.0,0.0,1
2026,5,May,Q2,SW,South West,REMOVAL,91,0,0,0,0.0,0.0,0.0,0.0,0.0,0.0,0.0,1
2026,5,May,Q2,SW,South West,REPAIR,199,0,0,0,0.0,0.0,0.0,0.0,0.0,0.0,0.0,1
2026,5,May,Q2,WAL,Wales,EXCHANGE,375,0,0,0,0.0,0.0,0.0,0.0,0.0,0.0,0.0,1
2026,5,May,Q2,WAL,Wales,NEW_INSTALL,326,0,0,0,0.0,0.0,0.0,0.0,0.0,0.0,0.0,1
2026,5,May,Q2,WAL,Wales,REMOVAL,68,0,0,0,0.0,0.0,0.0,0.0,0.0,0.0,0.0,1
2026,5,May,Q2,WAL,Wales,REPAIR,174,0,0,0,0.0,0.0,0.0,0.0,0.0,0.0,0.0,1
2026,5,May,Q2,YRK,Yorkshire,EXCHANGE,644,0,0,0,0.0,0.0,0.0,0.0,0.0,0.0,0.0,1
2026,5,May,Q2,YRK,Yorkshire,NEW_INSTALL,580,0,0,0,0.0,0.0,0.0,0.0,0.0,0.0,0.0,1
2026,5,May,Q2,YRK,Yorkshire,REMOVAL,112,0,0,0,0.0,0.0,0.0,0.0,0.0,0.0,0.0,1
2026,5,May,Q2,YRK,Yorkshire,REPAIR,283,0,0,0,0.0,0.0,0.0,0.0,0.0,0.0,0.0,1
2026,6,June,Q2,MID,Midlands,EXCHANGE,1025,0,0,0,0.0,0.0,0.0,0.0,0.0,0.0,0.0,1
2026,6,June,Q2,MID,Midlands,NEW_INSTALL,894,0,0,0,0.0,0.0,0.0,0.0,0.0,0.0,0.0,1
2026,6,June,Q2,MID,Midlands,REMOVAL,156,0,0,0,0.0,0.0,0.0,0.0,0.0,0.0,0.0,1
2026,6,June,Q2,MID,Midlands,REPAIR,404,0,0,0,0.0,0.0,0.0,0.0,0.0,0.0,0.0,1
2026,6,June,Q2,NE,North East,EXCHANGE,581,0,0,0,0.0,0.0,0.0,0.0,0.0,0.0,0.0,1
2026,6,June,Q2,NE,North East,NEW_INSTALL,529,0,0,0,0.0,0.0,0.0,0.0,0.0,0.0,0.0,1
2026,6,June,Q2,NE,North East,REMOVAL,129,0,0,0,0.0,0.0,0.0,0.0,0.0,0.0,0.0,1
2026,6,June,Q2,NE,North East,REPAIR,267,0,0,0,0.0,0.0,0.0,0.0,0.0,0.0,0.0,1
2026,6,June,Q2,NW,North West,EXCHANGE,781,0,0,0,0.0,0.0,0.0,0.0,0.0,0.0,0.0,1
2026,6,June,Q2,NW,North West,NEW_INSTALL,723,0,0,0,0.0,0.0,0.0,0.0,0.0,0.0,0.0,1
2026,6,June,Q2,NW,North West,REMOVAL,131,0,0,0,0.0,0.0,0.0,0.0,0.0,0.0,0.0,1
2026,6,June,Q2,NW,North West,REPAIR,383,0,0,0,0.0,0.0,0.0,0.0,0.0,0.0,0.0,1
2026,6,June,Q2,SCO,Scotland,EXCHANGE,570,0,0,0,0.0,0.0,0.0,0.0,0.0,0.0,0.0,1
2026,6,June,Q2,SCO,Scotland,NEW_INSTALL,482,0,0,0,0.0,0.0,0.0,0.0,0.0,0.0,0.0,1
2026,6,June,Q2,SCO,Scotland,REMOVAL,104,0,0,0,0.0,0.0,0.0,0.0,0.0,0.0,0.0,1
2026,6,June,Q2,SCO,Scotland,REPAIR,250,0,0,0,0.0,0.0,0.0,0.0,0.0,0.0,0.0,1
2026,6,June,Q2,SE,South East,EXCHANGE,1158,0,0,0,0.0,0.0,0.0,0.0,0.0,0.0,0.0,1
2026,6,June,Q2,SE,South East,NEW_INSTALL,981,0,0,0,0.0,0.0,0.0,0.0,0.0,0.0,0.0,1
2026,6,June,Q2,SE,South East,REMOVAL,183,0,0,0,0.0,0.0,0.0,0.0,0.0,0.0,0.0,1
2026,6,June,Q2,SE,South East,REPAIR,501,0,0,0,0.0,0.0,0.0,0.0,0.0,0.0,0.0,1
2026,6,June,Q2,SW,South West,EXCHANGE,516,0,0,0,0.0,0.0,0.0,0.0,0.0,0.0,0.0,1
2026,6,June,Q2,SW,South West,NEW_INSTALL,459,0,0,0,0.0,0.0,0.0,0.0,0.0,0.0,0.0,1
2026,6,June,Q2,SW,South West,REMOVAL,90,0,0,0,0.0,0.0,0.0,0.0,0.0,0.0,0.0,1
2026,6,June,Q2,SW,South West,REPAIR,237,0,0,0,0.0,0.0,0.0,0.0,0.0,0.0,0.0,1
2026,6,June,Q2,WAL,Wales,EXCHANGE,422,0,0,0,0.0,0.0,0.0,0.0,0.0,0.0,0.0,1
2026,6,June,Q2,WAL,Wales,NEW_INSTALL,367,0,0,0,0.0,0.0,0.0,0.0,0.0,0.0,0.0,1
2026,6,June,Q2,WAL,Wales,REMOVAL,73,0,0,0,0.0,0.0,0.0,0.0,0.0,0.0,0.0,1
2026,6,June,Q2,WAL,Wales,REPAIR,201,0,0,0,0.0,0.0,0.0,0.0,0.0,0.0,0.0,1
2026,6,June,Q2,YRK,Yorkshire,EXCHANGE,750,0,0,0,0.0,0.0,0.0,0.0,0.0,0.0,0.0,1
2026,6,June,Q2,YRK,Yorkshire,NEW_INSTALL,624,0,0,0,0.0,0.0,0.0,0.0,0.0,0.0,0.0,1
2026,6,June,Q2,YRK,Yorkshire,REMOVAL,140,0,0,0,0.0,0.0,0.0,0.0,0.0,0.0,0.0,1
2026,6,June,Q2,YRK,Yorkshire,REPAIR,326,0,0,0,0.0,0.0,0.0,0.0,0.0,0.0,0.0,1
2026,7,July,Q3,MID,Midlands,EXCHANGE,1123,0,0,0,0.0,0.0,0.0,0.0,0.0,0.0,0.0,1
2026,7,July,Q3,MID,Midlands,NEW_INSTALL,1039,0,0,0,0.0,0.0,0.0,0.0,0.0,0.0,0.0,1
2026,7,July,Q3,MID,Midlands,REMOVAL,199,0,0,0,0.0,0.0,0.0,0.0,0.0,0.0,0.0,1
2026,7,July,Q3,MID,Midlands,REPAIR,518,0,0,0,0.0,0.0,0.0,0.0,0.0,0.0,0.0,1
2026,7,July,Q3,NE,North East,EXCHANGE,694,0,0,0,0.0,0.0,0.0,0.0,0.0,0.0,0.0,1
2026,7,July,Q3,NE,North East,NEW_INSTALL,603,0,0,0,0.0,0.0,0.0,0.0,0.0,0.0,0.0,1
2026,7,July,Q3,NE,North East,REMOVAL,119,0,0,0,0.0,0.0,0.0,0.0,0.0,0.0,0.0,1
2026,7,July,Q3,NE,North East,REPAIR,324,0,0,0,0.0,0.0,0.0,0.0,0.0,0.0,0.0,1
2026,7,July,Q3,NW,North West,EXCHANGE,926,0,0,0,0.0,0.0,0.0,0.0,0.0,0.0,0.0,1
2026,7,July,Q3,NW,North West,NEW_INSTALL,831,0,0,0,0.0,0.0,0.0,0.0,0.0,0.0,0.0,1
2026,7,July,Q3,NW,North West,REMOVAL,176,0,0,0,0.0,0.0,0.0,0.0,0.0,0.0,0.0,1
2026,7,July,Q3,NW,North West,REPAIR,449,0,0,0,0.0,0.0,0.0,0.0,0.0,0.0,0.0,1
2026,7,July,Q3,SCO,Scotland,EXCHANGE,650,0,0,0,0.0,0.0,0.0,0.0,0.0,0.0,0.0,1
2026,7,July,Q3,SCO,Scotland,NEW_INSTALL,594,0,0,0,0.0,0.0,0.0,0.0,0.0,0.0,0.0,1
2026,7,July,Q3,SCO,Scotland,REMOVAL,147,0,0,0,0.0,0.0,0.0,0.0,0.0,0.0,0.0,1
2026,7,July,Q3,SCO,Scotland,REPAIR,295,0,0,0,0.0,0.0,0.0,0.0,0.0,0.0,0.0,1
2026,7,July,Q3,SE,South East,EXCHANGE,1321,0,0,0,0.0,0.0,0.0,0.0,0.0,0.0,0.0,1
2026,7,July,Q3,SE,South East,NEW_INSTALL,1170,0,0,0,0.0,0.0,0.0,0.0,0.0,0.0,0.0,1
2026,7,July,Q3,SE,South East,REMOVAL,214,0,0,0,0.0,0.0,0.0,0.0,0.0,0.0,0.0,1
2026,7,July,Q3,SE,South East,REPAIR,557,0,0,0,0.0,0.0,0.0,0.0,0.0,0.0,0.0,1
2026,7,July,Q3,SW,South West,EXCHANGE,600,0,0,0,0.0,0.0,0.0,0.0,0.0,0.0,0.0,1
2026,7,July,Q3,SW,South West,NEW_INSTALL,528,0,0,0,0.0,0.0,0.0,0.0,0.0,0.0,0.0,1
2026,7,July,Q3,SW,South West,REMOVAL,117,0,0,0,0.0,0.0,0.0,0.0,0.0,0.0,0.0,1
2026,7,July,Q3,SW,South West,REPAIR,276,0,0,0,0.0,0.0,0.0,0.0,0.0,0.0,0.0,1
2026,7,July,Q3,WAL,Wales,EXCHANGE,528,0,0,0,0.0,0.0,0.0,0.0,0.0,0.0,0.0,1
2026,7,July,Q3,WAL,Wales,NEW_INSTALL,429,0,0,0,0.0,0.0,0.0,0.0,0.0,0.0,0.0,1
2026,7,July,Q3,WAL,Wales,REMOVAL,71,0,0,0,0.0,0.0,0.0,0.0,0.0,0.0,0.0,1
2026,7,July,Q3,WAL,Wales,REPAIR,219,0,0,0,0.0,0.0,0.0,0.0,0.0,0.0,0.0,1
2026,7,July,Q3,YRK,Yorkshire,EXCHANGE,865,0,0,0,0.0,0.0,0.0,0.0,0.0,0.0,0.0,1
2026,7,July,Q3,YRK,Yorkshire,NEW_INSTALL,735,0,0,0,0.0,0.0,0.0,0.0,0.0,0.0,0.0,1
2026,7,July,Q3,YRK,Yorkshire,REMOVAL,137,0,0,0,0.0,0.0,0.0,0.0,0.0,0.0,0.0,1
2026,7,July,Q3,YRK,Yorkshire,REPAIR,368,0,0,0,0.0,0.0,0.0,0.0,0.0,0.0,0.0,1
2026,8,August,Q3,MID,Midlands,EXCHANGE,1193,0,0,0,0.0,0.0,0.0,0.0,0.0,0.0,0.0,1
2026,8,August,Q3,MID,Midlands,NEW_INSTALL,1020,0,0,0,0.0,0.0,0.0,0.0,0.0,0.0,0.0,1
2026,8,August,Q3,MID,Midlands,REMOVAL,204,0,0,0,0.0,0.0,0.0,0.0,0.0,0.0,0.0,1
2026,8,August,Q3,MID,Midlands,REPAIR,544,0,0,0,0.0,0.0,0.0,0.0,0.0,0.0,0.0,1
2026,8,August,Q3,NE,North East,EXCHANGE,708,0,0,0,0.0,0.0,0.0,0.0,0.0,0.0,0.0,1
2026,8,August,Q3,NE,North East,NEW_INSTALL,635,0,0,0,0.0,0.0,0.0,0.0,0.0,0.0,0.0,1
2026,8,August,Q3,NE,North East,REMOVAL,112,0,0,0,0.0,0.0,0.0,0.0,0.0,0.0,0.0,1
2026,8,August,Q3,NE,North East,REPAIR,337,0,0,0,0.0,0.0,0.0,0.0,0.0,0.0,0.0,1
2026,8,August,Q3,NW,North West,EXCHANGE,999,0,0,0,0.0,0.0,0.0,0.0,0.0,0.0,0.0,1
2026,8,August,Q3,NW,North West,NEW_INSTALL,856,0,0,0,0.0,0.0,0.0,0.0,0.0,0.0,0.0,1
2026,8,August,Q3,NW,North West,REMOVAL,156,0,0,0,0.0,0.0,0.0,0.0,0.0,0.0,0.0,1
2026,8,August,Q3,NW,North West,REPAIR,451,0,0,0,0.0,0.0,0.0,0.0,0.0,0.0,0.0,1
2026,8,August,Q3,SCO,Scotland,EXCHANGE,653,0,0,0,0.0,0.0,0.0,0.0,0.0,0.0,0.0,1
2026,8,August,Q3,SCO,Scotland,NEW_INSTALL,571,0,0,0,0.0,0.0,0.0,0.0,0.0,0.0,0.0,1
2026,8,August,Q3,SCO,Scotland,REMOVAL,130,0,0,0,0.0,0.0,0.0,0.0,0.0,0.0,0.0,1
2026,8,August,Q3,SCO,Scotland,REPAIR,321,0,0,0,0.0,0.0,0.0,0.0,0.0,0.0,0.0,1
2026,8,August,Q3,SE,South East,EXCHANGE,1375,0,0,0,0.0,0.0,0.0,0.0,0.0,0.0,0.0,1
2026,8,August,Q3,SE,South East,NEW_INSTALL,1139,0,0,0,0.0,0.0,0.0,0.0,0.0,0.0,0.0,1
2026,8,August,Q3,SE,South East,REMOVAL,232,0,0,0,0.0,0.0,0.0,0.0,0.0,0.0,0.0,1
2026,8,August,Q3,SE,South East,REPAIR,599,0,0,0,0.0,0.0,0.0,0.0,0.0,0.0,0.0,1
2026,8,August,Q3,SW,South West,EXCHANGE,647,0,0,0,0.0,0.0,0.0,0.0,0.0,0.0,0.0,1
2026,8,August,Q3,SW,South West,NEW_INSTALL,525,0,0,0,0.0,0.0,0.0,0.0,0.0,0.0,0.0,1
2026,8,August,Q3,SW,South West,REMOVAL,118,0,0,0,0.0,0.0,0.0,0.0,0.0,0.0,0.0,1
2026,8,August,Q3,SW,South West,REPAIR,278,0,0,0,0.0,0.0,0.0,0.0,0.0,0.0,0.0,1
2026,8,August,Q3,WAL,Wales,EXCHANGE,488,0,0,0,0.0,0.0,0.0,0.0,0.0,0.0,0.0,1
2026,8,August,Q3,WAL,Wales,NEW_INSTALL,466,0,0,0,0.0,0.0,0.0,0.0,0.0,0.0,0.0,1
2026,8,August,Q3,WAL,Wales,REMOVAL,96,0,0,0,0.0,0.0,0.0,0.0,0.0,0.0,0.0,1
2026,8,August,Q3,WAL,Wales,REPAIR,240,0,0,0,0.0,0.0,0.0,0.0,0.0,0.0,0.0,1
2026,8,August,Q3,YRK,Yorkshire,EXCHANGE,864,0,0,0,0.0,0.0,0.0,0.0,0.0,0.0,0.0,1
2026,8,August,Q3,YRK,Yorkshire,NEW_INSTALL,769,0,0,0,0.0,0.0,0.0,0.0,0.0,0.0,0.0,1
2026,8,August,Q3,YRK,Yorkshire,REMOVAL,172,0,0,0,0.0,0.0,0.0,0.0,0.0,0.0,0.0,1
2026,8,August,Q3,YRK,Yorkshire,REPAIR,399,0,0,0,0.0,0.0,0.0,0.0,0.0,0.0,0.0,1
2026,9,September,Q3,MID,Midlands,EXCHANGE,1281,0,0,0,0.0,0.0,0.0,0.0,0.0,0.0,0.0,1
2026,9,September,Q3,MID,Midlands,NEW_INSTALL,1147,0,0,0,0.0,0.0,0.0,0.0,0.0,0.0,0.0,1
2026,9,September,Q3,MID,Midlands,REMOVAL,212,0,0,0,0.0,0.0,0.0,0.0,0.0,0.0,0.0,1
2026,9,September,Q3,MID,Midlands,REPAIR,570,0,0,0,0.0,0.0,0.0,0.0,0.0,0.0,0.0,1
2026,9,September,Q3,NE,North East,EXCHANGE,768,0,0,0,0.0,0.0,0.0,0.0,0.0,0.0,0.0,1
2026,9,September,Q3,NE,North East,NEW_INSTALL,702,0,0,0,0.0,0.0,0.0,0.0,0.0,0.0,0.0,1
2026,9,September,Q3,NE,North East,REMOVAL,119,0,0,0,0.0,0.0,0.0,0.0,0.0,0.0,0.0,1
2026,9,September,Q3,NE,North East,REPAIR,348,0,0,0,0.0,0.0,0.0,0.0,0.0,0.0,0.0,1
2026,9,September,Q3,NW,North West,EXCHANGE,1071,0,0,0,0.0,0.0,0.0,0.0,0.0,0.0,0.0,1
2026,9,September,Q3,NW,North West,NEW_INSTALL,956,0,0,0,0.0,0.0,0.0,0.0,0.0,0.0,0.0,1
2026,9,September,Q3,NW,North West,REMOVAL,177,0,0,0,0.0,0.0,0.0,0.0,0.0,0.0,0.0,1
2026,9,September,Q3,NW,North West,REPAIR,452,0,0,0,0.0,0.0,0.0,0.0,0.0,0.0,0.0,1
2026,9,September,Q3,SCO,Scotland,EXCHANGE,726,0,0,0,0.0,0.0,0.0,0.0,0.0,0.0,0.0,1
2026,9,September,Q3,SCO,Scotland,NEW_INSTALL,632,0,0,0,0.0,0.0,0.0,0.0,0.0,0.0,0.0,1
2026,9,September,Q3,SCO,Scotland,REMOVAL,110,0,0,0,0.0,0.0,0.0,0.0,0.0,0.0,0.0,1
2026,9,September,Q3,SCO,Scotland,REPAIR,315,0,0,0,0.0,0.0,0.0,0.0,0.0,0.0,0.0,1
2026,9,September,Q3,SE,South East,EXCHANGE,1473,0,0,0,0.0,0.0,0.0,0.0,0.0,0.0,0.0,1
2026,9,September,Q3,SE,South East,NEW_INSTALL,1293,0,0,0,0.0,0.0,0.0,0.0,0.0,0.0,0.0,1
2026,9,September,Q3,SE,South East,REMOVAL,251,0,0,0,0.0,0.0,0.0,0.0,0.0,0.0,0.0,1
2026,9,September,Q3,SE,South East,REPAIR,625,0,0,0,0.0,0.0,0.0,0.0,0.0,0.0,0.0,1
2026,9,September,Q3,SW,South West,EXCHANGE,638,0,0,0,0.0,0.0,0.0,0.0,0.0,0.0,0.0,1
2026,9,September,Q3,SW,South West,NEW_INSTALL,616,0,0,0,0.0,0.0,0.0,0.0,0.0,0.0,0.0,1
2026,9,September,Q3,SW,South West,REMOVAL,119,0,0,0,0.0,0.0,0.0,0.0,0.0,0.0,0.0,1
2026,9,September,Q3,SW,South West,REPAIR,286,0,0,0,0.0,0.0,0.0,0.0,0.0,0.0,0.0,1
2026,9,September,Q3,WAL,Wales,EXCHANGE,554,0,0,0,0.0,0.0,0.0,0.0,0.0,0.0,0.0,1
2026,9,September,Q3,WAL,Wales,NEW_INSTALL,495,0,0,0,0.0,0.0,0.0,0.0,0.0,0.0,0.0,1
2026,9,September,Q3,WAL,Wales,REMOVAL,74,0,0,0,0.0,0.0,0.0,0.0,0.0,0.0,0.0,1
2026,9,September,Q3,WAL,Wales,REPAIR,252,0,0,0,0.0,0.0,0.0,0.0,0.0,0.0,0.0,1
2026,9,September,Q3,YRK,Yorkshire,EXCHANGE,918,0,0,0,0.0,0.0,0.0,0.0,0.0,0.0,0.0,1
2026,9,September,Q3,YRK,Yorkshire,NEW_INSTALL,879,0,0,0,0.0,0.0,0.0,0.0,0.0,0.0,0.0,1
2026,9,September,Q3,YRK,Yorkshire,REMOVAL,156,0,0,0,0.0,0.0,0.0,0.0,0.0,0.0,0.0,1
2026,9,September,Q3,YRK,Yorkshire,REPAIR,449,0,0,0,0.0,0.0,0.0,0.0,0.0,0.0,0.0,1
2026,10,October,Q4,MID,Midlands,EXCHANGE,1320,0,0,0,0.0,0.0,0.0,0.0,0.0,0.0,0.0,1
2026,10,October,Q4,MID,Midlands,NEW_INSTALL,1142,0,0,0,0.0,0.0,0.0,0.0,0.0,0.0,0.0,1
2026,10,October,Q4,MID,Midlands,REMOVAL,221,0,0,0,0.0,0.0,0.0,0.0,0.0,0.0,0.0,1
2026,10,October,Q4,MID,Midlands,REPAIR,595,0,0,0,0.0,0.0,0.0,0.0,0.0,0.0,0.0,1
2026,10,October,Q4,NE,North East,EXCHANGE,799,0,0,0,0.0,0.0,0.0,0.0,0.0,0.0,0.0,1
2026,10,October,Q4,NE,North East,NEW_INSTALL,678,0,0,0,0.0,0.0,0.0,0.0,0.0,0.0,0.0,1
2026,10,October,Q4,NE,North East,REMOVAL,138,0,0,0,0.0,0.0,0.0,0.0,0.0,0.0,0.0,1
2026,10,October,Q4,NE,North East,REPAIR,379,0,0,0,0.0,0.0,0.0,0.0,0.0,0.0,0.0,1
2026,10,October,Q4,NW,North West,EXCHANGE,1071,0,0,0,0.0,0.0,0.0,0.0,0.0,0.0,0.0,1
2026,10,October,Q4,NW,North West,NEW_INSTALL,918,0,0,0,0.0,0.0,0.0,0.0,0.0,0.0,0.0,1
2026,10,October,Q4,NW,North West,REMOVAL,192,0,0,0,0.0,0.0,0.0,0.0,0.0,0.0,0.0,1
2026,10,October,Q4,NW,North West,REPAIR,496,0,0,0,0.0,0.0,0.0,0.0,0.0,0.0,0.0,1
2026,10,October,Q4,SCO,Scotland,EXCHANGE,716,0,0,0,0.0,0.0,0.0,0.0,0.0,0.0,0.0,1
2026,10,October,Q4,SCO,Scotland,NEW_INSTALL,633,0,0,0,0.0,0.0,0.0,0.0,0.0,0.0,0.0,1
2026,10,October,Q4,SCO,Scotland,REMOVAL,149,0,0,0,0.0,0.0,0.0,0.0,0.0,0.0,0.0,1
2026,10,October,Q4,SCO,Scotland,REPAIR,312,0,0,0,0.0,0.0,0.0,0.0,0.0,0.0,0.0,1
2026,10,October,Q4,SE,South East,EXCHANGE,1504,0,0,0,0.0,0.0,0.0,0.0,0.0,0.0,0.0,1
2026,10,October,Q4,SE,South East,NEW_INSTALL,1346,0,0,0,0.0,0.0,0.0,0.0,0.0,0.0,0.0,1
2026,10,October,Q4,SE,South East,REMOVAL,265,0,0,0,0.0,0.0,0.0,0.0,0.0,0.0,0.0,1
2026,10,October,Q4,SE,South East,REPAIR,672,0,0,0,0.0,0.0,0.0,0.0,0.0,0.0,0.0,1
2026,10,October,Q4,SW,South West,EXCHANGE,699,0,0,0,0.0,0.0,0.0,0.0,0.0,0.0,0.0,1
2026,10,October,Q4,SW,South West,NEW_INSTALL,550,0,0,0,0.0,0.0,0.0,0.0,0.0,0.0,0.0,1
2026,10,October,Q4,SW,South West,REMOVAL,120,0,0,0,0.0,0.0,0.0,0.0,0.0,0.0,0.0,1
2026,10,October,Q4,SW,South West,REPAIR,323,0,0,0,0.0,0.0,0.0,0.0,0.0,0.0,0.0,1
2026,10,October,Q4,WAL,Wales,EXCHANGE,537,0,0,0,0.0,0.0,0.0,0.0,0.0,0.0,0.0,1
2026,10,October,Q4,WAL,Wales,NEW_INSTALL,471,0,0,0,0.0,0.0,0.0,0.0,0.0,0.0,0.0,1
2026,10,October,Q4,WAL,Wales,REMOVAL,103,0,0,0,0.0,0.0,0.0,0.0,0.0,0.0,0.0,1
2026,10,October,Q4,WAL,Wales,REPAIR,224,0,0,0,0.0,0.0,0.0,0.0,0.0,0.0,0.0,1
2026,10,October,Q4,YRK,Yorkshire,EXCHANGE,1005,0,0,0,0.0,0.0,0.0,0.0,0.0,0.0,0.0,1
2026,10,October,Q4,YRK,Yorkshire,NEW_INSTALL,829,0,0,0,0.0,0.0,0.0,0.0,0.0,0.0,0.0,1
2026,10,October,Q4,YRK,Yorkshire,REMOVAL,159,0,0,0,0.0,0.0,0.0,0.0,0.0,0.0,0.0,1
2026,10,October,Q4,YRK,Yorkshire,REPAIR,428,0,0,0,0.0,0.0,0.0,0.0,0.0,0.0,0.0,1
2026,11,November,Q4,MID,Midlands,EXCHANGE,1227,0,0,0,0.0,0.0,0.0,0.0,0.0,0.0,0.0,1
2026,11,November,Q4,MID,Midlands,NEW_INSTALL,1040,0,0,0,0.0,0.0,0.0,0.0,0.0,0.0,0.0,1
2026,11,November,Q4,MID,Midlands,REMOVAL,190,0,0,0,0.0,0.0,0.0,0.0,0.0,0.0,0.0,1
2026,11,November,Q4,MID,Midlands,REPAIR,514,0,0,0,0.0,0.0,0.0,0.0,0.0,0.0,0.0,1
2026,11,November,Q4,NE,North East,EXCHANGE,705,0,0,0,0.0,0.0,0.0,0.0,0.0,0.0,0.0,1
2026,11,November,Q4,NE,North East,NEW_INSTALL,658,0,0,0,0.0,0.0,0.0,0.0,0.0,0.0,0.0,1
2026,11,November,Q4,NE,North East,REMOVAL,133,0,0,0,0.0,0.0,0.0,0.0,0.0,0.0,0.0,1
2026,11,November,Q4,NE,North East,REPAIR,313,0,0,0,0.0,0.0,0.0,0.0,0.0,0.0,0.0,1
2026,11,November,Q4,NW,North West,EXCHANGE,991,0,0,0,0.0,0.0,0.0,0.0,0.0,0.0,0.0,1
2026,11,November,Q4,NW,North West,NEW_INSTALL,862,0,0,0,0.0,0.0,0.0,0.0,0.0,0.0,0.0,1
2026,11,November,Q4,NW,North West,REMOVAL,184,0,0,0,0.0,0.0,0.0,0.0,0.0,0.0,0.0,1
2026,11,November,Q4,NW,North West,REPAIR,465,0,0,0,0.0,0.0,0.0,0.0,0.0,0.0,0.0,1
2026,11,November,Q4,SCO,Scotland,EXCHANGE,716,0,0,0,0.0,0.0,0.0,0.0,0.0,0.0,0.0,1
2026,11,November,Q4,SCO,Scotland,NEW_INSTALL,599,0,0,0,0.0,0.0,0.0,0.0,0.0,0.0,0.0,1
2026,11,November,Q4,SCO,Scotland,REMOVAL,116,0,0,0,0.0,0.0,0.0,0.0,0.0,0.0,0.0,1
2026,11,November,Q4,SCO,Scotland,REPAIR,337,0,0,0,0.0,0.0,0.0,0.0,0.0,0.0,0.0,1
2026,11,November,Q4,SE,South East,EXCHANGE,1389,0,0,0,0.0,0.0,0.0,0.0,0.0,0.0,0.0,1
2026,11,November,Q4,SE,South East,NEW_INSTALL,1162,0,0,0,0.0,0.0,0.0,0.0,0.0,0.0,0.0,1
2026,11,November,Q4,SE,South East,REMOVAL,243,0,0,0,0.0,0.0,0.0,0.0,0.0,0.0,0.0,1
2026,11,November,Q4,SE,South East,REPAIR,600,0,0,0,0.0,0.0,0.0,0.0,0.0,0.0,0.0,1
2026,11,November,Q4,SW,South West,EXCHANGE,649,0,0,0,0.0,0.0,0.0,0.0,0.0,0.0,0.0,1
2026,11,November,Q4,SW,South West,NEW_INSTALL,583,0,0,0,0.0,0.0,0.0,0.0,0.0,0.0,0.0,1
2026,11,November,Q4,SW,South West,REMOVAL,108,0,0,0,0.0,0.0,0.0,0.0,0.0,0.0,0.0,1
2026,11,November,Q4,SW,South West,REPAIR,268,0,0,0,0.0,0.0,0.0,0.0,0.0,0.0,0.0,1
2026,11,November,Q4,WAL,Wales,EXCHANGE,508,0,0,0,0.0,0.0,0.0,0.0,0.0,0.0,0.0,1
2026,11,November,Q4,WAL,Wales,NEW_INSTALL,470,0,0,0,0.0,0.0,0.0,0.0,0.0,0.0,0.0,1
2026,11,November,Q4,WAL,Wales,REMOVAL,97,0,0,0,0.0,0.0,0.0,0.0,0.0,0.0,0.0,1
2026,11,November,Q4,WAL,Wales,REPAIR,208,0,0,0,0.0,0.0,0.0,0.0,0.0,0.0,0.0,1
2026,11,November,Q4,YRK,Yorkshire,EXCHANGE,908,0,0,0,0.0,0.0,0.0,0.0,0.0,0.0,0.0,1
2026,11,November,Q4,YRK,Yorkshire,NEW_INSTALL,779,0,0,0,0.0,0.0,0.0,0.0,0.0,0.0,0.0,1
2026,11,November,Q4,YRK,Yorkshire,REMOVAL,160,0,0,0,0.0,0.0,0.0,0.0,0.0,0.0,0.0,1
2026,11,November,Q4,YRK,Yorkshire,REPAIR,412,0,0,0,0.0,0.0,0.0,0.0,0.0,0.0,0.0,1
2026,12,December,Q4,MID,Midlands,EXCHANGE,1139,0,0,0,0.0,0.0,0.0,0.0,0.0,0.0,0.0,1
2026,12,December,Q4,MID,Midlands,NEW_INSTALL,1111,0,0,0,0.0,0.0,0.0,0.0,0.0,0.0,0.0,1
2026,12,December,Q4,MID,Midlands,REMOVAL,211,0,0,0,0.0,0.0,0.0,0.0,0.0,0.0,0.0,1
2026,12,December,Q4,MID,Midlands,REPAIR,546,0,0,0,0.0,0.0,0.0,0.0,0.0,0.0,0.0,1
2026,12,December,Q4,NE,North East,EXCHANGE,712,0,0,0,0.0,0.0,0.0,0.0,0.0,0.0,0.0,1
2026,12,December,Q4,NE,North East,NEW_INSTALL,639,0,0,0,0.0,0.0,0.0,0.0,0.0,0.0,0.0,1
2026,12,December,Q4,NE,North East,REMOVAL,106,0,0,0,0.0,0.0,0.0,0.0,0.0,0.0,0.0,1
2026,12,December,Q4,NE,North East,REPAIR,316,0,0,0,0.0,0.0,0.0,0.0,0.0,0.0,0.0,1
2026,12,December,Q4,NW,North West,EXCHANGE,969,0,0,0,0.0,0.0,0.0,0.0,0.0,0.0,0.0,1
2026,12,December,Q4,NW,North West,NEW_INSTALL,926,0,0,0,0.0,0.0,0.0,0.0,0.0,0.0,0.0,1
2026,12,December,Q4,NW,North West,REMOVAL,160,0,0,0,0.0,0.0,0.0,0.0,0.0,0.0,0.0,1
2026,12,December,Q4,NW,North West,REPAIR,421,0,0,0,0.0,0.0,0.0,0.0,0.0,0.0,0.0,1
2026,12,December,Q4,SCO,Scotland,EXCHANGE,719,0,0,0,0.0,0.0,0.0,0.0,0.0,0.0,0.0,1
2026,12,December,Q4,SCO,Scotland,NEW_INSTALL,588,0,0,0,0.0,0.0,0.0,0.0,0.0,0.0,0.0,1
2026,12,December,Q4,SCO,Scotland,REMOVAL,103,0,0,0,0.0,0.0,0.0,0.0,0.0,0.0,0.0,1
2026,12,December,Q4,SCO,Scotland,REPAIR,271,0,0,0,0.0,0.0,0.0,0.0,0.0,0.0,0.0,1
2026,12,December,Q4,SE,South East,EXCHANGE,1345,0,0,0,0.0,0.0,0.0,0.0,0.0,0.0,0.0,1
2026,12,December,Q4,SE,South East,NEW_INSTALL,1212,0,0,0,0.0,0.0,0.0,0.0,0.0,0.0,0.0,1
2026,12,December,Q4,SE,South East,REMOVAL,250,0,0,0,0.0,0.0,0.0,0.0,0.0,0.0,0.0,1
2026,12,December,Q4,SE,South East,REPAIR,638,0,0,0,0.0,0.0,0.0,0.0,0.0,0.0,0.0,1
2026,12,December,Q4,SW,South West,EXCHANGE,649,0,0,0,0.0,0.0,0.0,0.0,0.0,0.0,0.0,1
2026,12,December,Q4,SW,South West,NEW_INSTALL,578,0,0,0,0.0,0.0,0.0,0.0,0.0,0.0,0.0,1
2026,12,December,Q4,SW,South West,REMOVAL,104,0,0,0,0.0,0.0,0.0,0.0,0.0,0.0,0.0,1
2026,12,December,Q4,SW,South West,REPAIR,267,0,0,0,0.0,0.0,0.0,0.0,0.0,0.0,0.0,1
2026,12,December,Q4,WAL,Wales,EXCHANGE,487,0,0,0,0.0,0.0,0.0,0.0,0.0,0.0,0.0,1
2026,12,December,Q4,WAL,Wales,NEW_INSTALL,470,0,0,0,0.0,0.0,0.0,0.0,0.0,0.0,0.0,1
2026,12,December,Q4,WAL,Wales,REMOVAL,97,0,0,0,0.0,0.0,0.0,0.0,0.0,0.0,0.0,1
2026,12,December,Q4,WAL,Wales,REPAIR,208,0,0,0,0.0,0.0,0.0,0.0,0.0,0.0,0.0,1
2026,12,December,Q4,YRK,Yorkshire,EXCHANGE,845,0,0,0,0.0,0.0,0.0,0.0,0.0,0.0,0.0,1
2026,12,December,Q4,YRK,Yorkshire,NEW_INSTALL,764,0,0,0,0.0,0.0,0.0,0.0,0.0,0.0,0.0,1
2026,12,December,Q4,YRK,Yorkshire,REMOVAL,162,0,0,0,0.0,0.0,0.0,0.0,0.0,0.0,0.0,1
2026,12,December,Q4,YRK,Yorkshire,REPAIR,406,0,0,0,0.0,0.0,0.0,0.0,0.0,0.0,0.0,1
